-- phpMyAdmin SQL Dump
-- version 5.1.1
-- https://www.phpmyadmin.net/
--
-- Host: localhost
-- Generation Time: May 19, 2026 at 04:54 PM
-- Server version: 5.7.35-0ubuntu0.18.04.2
-- PHP Version: 8.0.10

SET SQL_MODE = "NO_AUTO_VALUE_ON_ZERO";
START TRANSACTION;
SET time_zone = "+00:00";


/*!40101 SET @OLD_CHARACTER_SET_CLIENT=@@CHARACTER_SET_CLIENT */;
/*!40101 SET @OLD_CHARACTER_SET_RESULTS=@@CHARACTER_SET_RESULTS */;
/*!40101 SET @OLD_COLLATION_CONNECTION=@@COLLATION_CONNECTION */;
/*!40101 SET NAMES utf8mb4 */;

--
-- Database: `INVENTORY_VIEWER`
--
CREATE DATABASE IF NOT EXISTS `INVENTORY_VIEWER` DEFAULT CHARACTER SET latin1 COLLATE latin1_swedish_ci;
USE `INVENTORY_VIEWER`;

-- --------------------------------------------------------

--
-- Table structure for table `base`
--

CREATE TABLE `base` (
  `id` int(11) NOT NULL,
  `name` varchar(64) COLLATE utf8mb4_unicode_ci NOT NULL,
  `description` text COLLATE utf8mb4_unicode_ci,
  `created_at` datetime DEFAULT CURRENT_TIMESTAMP,
  `updated_at` datetime DEFAULT CURRENT_TIMESTAMP ON UPDATE CURRENT_TIMESTAMP
) ENGINE=InnoDB DEFAULT CHARSET=utf8mb4 COLLATE=utf8mb4_unicode_ci;

--
-- Dumping data for table `base`
--

INSERT INTO `base` (`id`, `name`, `description`, `created_at`, `updated_at`) VALUES
(6, 'Mi Base', 'Creada desde Varita', '2026-05-19 17:29:52', '2026-05-19 17:29:52');

-- --------------------------------------------------------

--
-- Table structure for table `base_member`
--

CREATE TABLE `base_member` (
  `id` int(11) NOT NULL,
  `base_id` int(11) NOT NULL,
  `player_id` int(11) DEFAULT NULL,
  `role` varchar(32) COLLATE utf8mb4_unicode_ci DEFAULT NULL,
  `permissions_set` varchar(128) COLLATE utf8mb4_unicode_ci DEFAULT NULL,
  `invited_by` int(11) DEFAULT NULL,
  `invited_at` datetime DEFAULT CURRENT_TIMESTAMP,
  `accepted` tinyint(1) DEFAULT '1',
  `accepted_at` datetime DEFAULT CURRENT_TIMESTAMP,
  `invite_token` varchar(128) COLLATE utf8mb4_unicode_ci DEFAULT NULL,
  `invite_expires_at` datetime DEFAULT NULL,
  `note` varchar(255) COLLATE utf8mb4_unicode_ci DEFAULT NULL
) ENGINE=InnoDB DEFAULT CHARSET=utf8mb4 COLLATE=utf8mb4_unicode_ci;

--
-- Dumping data for table `base_member`
--

INSERT INTO `base_member` (`id`, `base_id`, `player_id`, `role`, `permissions_set`, `invited_by`, `invited_at`, `accepted`, `accepted_at`, `invite_token`, `invite_expires_at`, `note`) VALUES
(6, 6, 2, 'OWNER', NULL, NULL, NULL, 1, NULL, NULL, NULL, NULL);

-- --------------------------------------------------------

--
-- Table structure for table `base_tag`
--

CREATE TABLE `base_tag` (
  `id` int(11) NOT NULL,
  `base_id` int(11) NOT NULL,
  `tag` varchar(64) COLLATE utf8mb4_unicode_ci NOT NULL,
  `scope` varchar(32) COLLATE utf8mb4_unicode_ci DEFAULT 'private',
  `color` int(11) DEFAULT NULL
) ENGINE=InnoDB DEFAULT CHARSET=utf8mb4 COLLATE=utf8mb4_unicode_ci;

--
-- Dumping data for table `base_tag`
--

INSERT INTO `base_tag` (`id`, `base_id`, `tag`, `scope`, `color`) VALUES
(6, 6, 'Principal', 'SYSTEM', 16777215);

-- --------------------------------------------------------

--
-- Table structure for table `biome`
--

CREATE TABLE `biome` (
  `id` int(11) NOT NULL,
  `name` varchar(64) COLLATE utf8mb4_unicode_ci NOT NULL,
  `display_name` varchar(255) COLLATE utf8mb4_unicode_ci DEFAULT NULL,
  `category` varchar(255) COLLATE utf8mb4_unicode_ci DEFAULT NULL,
  `temperature` float DEFAULT NULL,
  `precipitation` varchar(255) COLLATE utf8mb4_unicode_ci DEFAULT NULL,
  `depth` float DEFAULT NULL,
  `dimension` varchar(255) COLLATE utf8mb4_unicode_ci DEFAULT NULL,
  `color` int(11) DEFAULT NULL,
  `rainfall` float DEFAULT NULL
) ENGINE=InnoDB DEFAULT CHARSET=utf8mb4 COLLATE=utf8mb4_unicode_ci;

--
-- Dumping data for table `biome`
--

INSERT INTO `biome` (`id`, `name`, `display_name`, `category`, `temperature`, `precipitation`, `depth`, `dimension`, `color`, `rainfall`) VALUES
(1, 'the_void', 'The Void', 'none', 0.5, 'none', 0.1, 'overworld', 0, 0.5),
(2, 'plains', 'Plains', 'plains', 0.8, 'rain', 0.125, 'overworld', 9286496, 0.4),
(3, 'sunflower_plains', 'Sunflower Plains', 'plains', 0.8, 'rain', 0.125, 'overworld', 11918216, 0.4),
(4, 'snowy_plains', 'Snowy Plains', 'icy', 0, 'snow', 0, 'overworld', 16777215, 0.5),
(5, 'ice_spikes', 'Ice Spikes', 'icy', 0, 'snow', 0.425, 'overworld', 11853020, 0.5),
(6, 'desert', 'Desert', 'desert', 2, 'none', 0.125, 'overworld', 16421912, 0),
(7, 'swamp', 'Swamp', 'swamp', 0.8, 'rain', -0.2, 'overworld', 522674, 0.9),
(8, 'forest', 'Forest', 'forest', 0.7, 'rain', 0.1, 'overworld', 353825, 0.8),
(9, 'flower_forest', 'Flower Forest', 'forest', 0.7, 'rain', 0.1, 'overworld', 2985545, 0.8),
(10, 'birch_forest', 'Birch Forest', 'forest', 0.6, 'rain', 0.1, 'overworld', 3175492, 0.6),
(11, 'dark_forest', 'Dark Forest', 'forest', 0.7, 'rain', 0.1, 'overworld', 4215066, 0.8),
(12, 'old_growth_birch_forest', 'Old Growth Birch Forest', 'forest', 0.6, 'rain', 0, 'overworld', 5807212, 0.6),
(13, 'old_growth_pine_taiga', 'Old Growth Pine Taiga', 'taiga', 0.3, 'rain', 0, 'overworld', 5858897, 0.8),
(14, 'old_growth_spruce_taiga', 'Old Growth Spruce Taiga', 'taiga', 0.25, 'rain', 0, 'overworld', 8490617, 0.8),
(15, 'taiga', 'Taiga', 'taiga', 0.25, 'rain', 0.2, 'overworld', 747097, 0.8),
(16, 'snowy_taiga', 'Snowy Taiga', 'taiga', -0.5, 'snow', 0.2, 'overworld', 3233098, 0.4),
(17, 'savanna', 'Savanna', 'savanna', 2, 'none', 0.125, 'overworld', 12431967, 0),
(18, 'savanna_plateau', 'Savanna Plateau', 'savanna', 2, 'none', 1.5, 'overworld', 10984804, 0),
(19, 'windswept_hills', 'Windswept Hills', 'extreme_hills', 0.2, 'rain', 0, 'overworld', 6316128, 0.3),
(20, 'windswept_gravelly_hills', 'Windswept Gravelly Hills', 'extreme_hills', 0.2, 'rain', 0, 'overworld', 8947848, 0.3),
(21, 'windswept_forest', 'Windswept Forest', 'extreme_hills', 0.2, 'rain', 0, 'overworld', 2250012, 0.3),
(22, 'windswept_savanna', 'Windswept Savanna', 'savanna', 2, 'none', 0, 'overworld', 15063687, 0),
(23, 'jungle', 'Jungle', 'jungle', 0.95, 'rain', 0.1, 'overworld', 5470985, 0.9),
(24, 'sparse_jungle', 'Sparse Jungle', 'jungle', 0.95, 'rain', 0, 'overworld', 6458135, 0.8),
(25, 'bamboo_jungle', 'Bamboo Jungle', 'jungle', 0.95, 'rain', 0.1, 'overworld', 7769620, 0.9),
(26, 'badlands', 'Badlands', 'mesa', 2, 'none', 0.1, 'overworld', 14238997, 0),
(27, 'eroded_badlands', 'Eroded Badlands', 'mesa', 2, 'none', 0.1, 'overworld', 16739645, 0),
(28, 'wooded_badlands', 'Wooded Badlands', 'mesa', 2, 'none', 0, 'overworld', 11573093, 0),
(29, 'meadow', 'Meadow', 'mountain', 0.5, 'rain', 0, 'overworld', 9217136, 0.8),
(30, 'grove', 'Grove', 'forest', -0.2, 'snow', 0, 'overworld', 14675173, 0.8),
(31, 'snowy_slopes', 'Snowy Slopes', 'mountain', -0.3, 'snow', 0, 'overworld', 14348785, 0.9),
(32, 'frozen_peaks', 'Frozen Peaks', 'mountain', -0.7, 'snow', 0, 'overworld', 15399931, 0.9),
(33, 'jagged_peaks', 'Jagged Peaks', 'mountain', -0.7, 'snow', 0, 'overworld', 14937325, 0.9),
(34, 'stony_peaks', 'Stony Peaks', 'mountain', 1, 'rain', 0, 'overworld', 13750737, 0.3),
(35, 'river', 'River', 'river', 0.5, 'rain', -0.5, 'overworld', 255, 0.5),
(36, 'frozen_river', 'Frozen River', 'river', 0, 'snow', -0.5, 'overworld', 10526975, 0.5),
(37, 'beach', 'Beach', 'beach', 0.8, 'rain', 0, 'overworld', 16440917, 0.4),
(38, 'snowy_beach', 'Snowy Beach', 'beach', 0.05, 'snow', 0, 'overworld', 16445632, 0.3),
(39, 'stony_shore', 'Stony Shore', 'beach', 0.2, 'rain', 0, 'overworld', 10658436, 0.3),
(40, 'warm_ocean', 'Warm Ocean', 'ocean', 0.5, 'rain', -1, 'overworld', 172, 0.5),
(41, 'lukewarm_ocean', 'Lukewarm Ocean', 'ocean', 0.5, 'rain', -1, 'overworld', 144, 0.5),
(42, 'deep_lukewarm_ocean', 'Deep Lukewarm Ocean', 'ocean', 0.5, 'rain', -1.8, 'overworld', 64, 0.5),
(43, 'ocean', 'Ocean', 'ocean', 0.5, 'rain', -1, 'overworld', 112, 0.5),
(44, 'deep_ocean', 'Deep Ocean', 'ocean', 0.5, 'rain', -1.8, 'overworld', 48, 0.5),
(45, 'cold_ocean', 'Cold Ocean', 'ocean', 0.5, 'rain', -1, 'overworld', 2105456, 0.5),
(46, 'deep_cold_ocean', 'Deep Cold Ocean', 'ocean', 0.5, 'rain', -1.8, 'overworld', 2105400, 0.5),
(47, 'frozen_ocean', 'Frozen Ocean', 'ocean', 0, 'snow', -1, 'overworld', 7368918, 0.5),
(48, 'deep_frozen_ocean', 'Deep Frozen Ocean', 'ocean', 0.5, 'rain', -1.8, 'overworld', 4210832, 0.5),
(49, 'mushroom_fields', 'Mushroom Fields', 'mushroom', 0.9, 'rain', 0.2, 'overworld', 16711935, 1),
(50, 'dripstone_caves', 'Dripstone Caves', 'underground', 0.8, 'rain', 0.125, 'overworld', 12690831, 0.4),
(51, 'lush_caves', 'Lush Caves', 'underground', 0.5, 'rain', 0.5, 'overworld', 14652980, 0.5),
(52, 'nether_wastes', 'Nether Wastes', 'nether', 2, 'none', 0.1, 'nether', 12532539, 0),
(53, 'warped_forest', 'Warped Forest', 'nether', 2, 'none', 0.1, 'nether', 4821115, 0),
(54, 'crimson_forest', 'Crimson Forest', 'nether', 2, 'none', 0.1, 'nether', 14485512, 0),
(55, 'soul_sand_valley', 'Soul Sand Valley', 'nether', 2, 'none', 0.1, 'nether', 6174768, 0),
(56, 'basalt_deltas', 'Basalt Deltas', 'nether', 2, 'none', 0.1, 'nether', 4208182, 0),
(57, 'the_end', 'The End', 'the_end', 0.5, 'none', 0.1, 'end', 8421631, 0.5),
(58, 'end_highlands', 'End Highlands', 'the_end', 0.5, 'none', 0.1, 'end', 12828041, 0.5),
(59, 'end_midlands', 'End Midlands', 'the_end', 0.5, 'none', 0.1, 'end', 15464630, 0.5),
(60, 'small_end_islands', 'Small End Islands', 'the_end', 0.5, 'none', 0.1, 'end', 42, 0.5),
(61, 'end_barrens', 'End Barrens', 'the_end', 0.5, 'none', 0.1, 'end', 9474162, 0.5),
(62, 'minecraft:sparse_jungle', 'Sparse jungle', NULL, NULL, NULL, NULL, NULL, NULL, NULL),
(63, 'minecraft:plains', 'Plains', NULL, NULL, NULL, NULL, NULL, NULL, NULL);

-- --------------------------------------------------------

--
-- Table structure for table `block`
--

CREATE TABLE `block` (
  `id` int(11) NOT NULL,
  `name` varchar(64) COLLATE utf8mb4_unicode_ci NOT NULL,
  `display_name` varchar(255) COLLATE utf8mb4_unicode_ci DEFAULT NULL,
  `hardness` float DEFAULT NULL,
  `resistance` float DEFAULT NULL,
  `transparent` tinyint(1) DEFAULT NULL,
  `filter_light` int(11) DEFAULT NULL,
  `emit_light` int(11) DEFAULT NULL,
  `material` varchar(255) COLLATE utf8mb4_unicode_ci DEFAULT NULL,
  `item_id` int(11) DEFAULT NULL
) ENGINE=InnoDB DEFAULT CHARSET=utf8mb4 COLLATE=utf8mb4_unicode_ci;

--
-- Dumping data for table `block`
--

INSERT INTO `block` (`id`, `name`, `display_name`, `hardness`, `resistance`, `transparent`, `filter_light`, `emit_light`, `material`, `item_id`) VALUES
(1, 'air', 'Air', 0, 0, 1, 0, 0, 'default', NULL),
(2, 'stone', 'Stone', 1.5, 6, 0, 15, 0, 'mineable/pickaxe', 1),
(3, 'granite', 'Granite', 1.5, 6, 0, 15, 0, 'mineable/pickaxe', 2),
(4, 'polished_granite', 'Polished Granite', 1.5, 6, 0, 15, 0, 'mineable/pickaxe', 3),
(5, 'diorite', 'Diorite', 1.5, 6, 0, 15, 0, 'mineable/pickaxe', 4),
(6, 'polished_diorite', 'Polished Diorite', 1.5, 6, 0, 15, 0, 'mineable/pickaxe', 5),
(7, 'andesite', 'Andesite', 1.5, 6, 0, 15, 0, 'mineable/pickaxe', 6),
(8, 'polished_andesite', 'Polished Andesite', 1.5, 6, 0, 15, 0, 'mineable/pickaxe', 7),
(9, 'grass_block', 'Grass Block', 0.6, 0.6, 0, 15, 0, 'mineable/shovel', 14),
(10, 'dirt', 'Dirt', 0.5, 0.5, 0, 15, 0, 'mineable/shovel', 15),
(11, 'coarse_dirt', 'Coarse Dirt', 0.5, 0.5, 0, 15, 0, 'mineable/shovel', 16),
(12, 'podzol', 'Podzol', 0.5, 0.5, 0, 15, 0, 'mineable/shovel', 17),
(13, 'cobblestone', 'Cobblestone', 2, 6, 0, 15, 0, 'mineable/pickaxe', 21),
(14, 'oak_planks', 'Oak Planks', 2, 3, 0, 15, 0, 'mineable/axe', 22),
(15, 'spruce_planks', 'Spruce Planks', 2, 3, 0, 15, 0, 'mineable/axe', 23),
(16, 'birch_planks', 'Birch Planks', 2, 3, 0, 15, 0, 'mineable/axe', 24),
(17, 'jungle_planks', 'Jungle Planks', 2, 3, 0, 15, 0, 'mineable/axe', 25),
(18, 'acacia_planks', 'Acacia Planks', 2, 3, 0, 15, 0, 'mineable/axe', 26),
(19, 'dark_oak_planks', 'Dark Oak Planks', 2, 3, 0, 15, 0, 'mineable/axe', 27),
(20, 'oak_sapling', 'Oak Sapling', 0, 0, 1, 0, 0, 'plant;mineable/axe', 30),
(21, 'spruce_sapling', 'Spruce Sapling', 0, 0, 1, 0, 0, 'plant;mineable/axe', 31),
(22, 'birch_sapling', 'Birch Sapling', 0, 0, 1, 0, 0, 'plant;mineable/axe', 32),
(23, 'jungle_sapling', 'Jungle Sapling', 0, 0, 1, 0, 0, 'plant;mineable/axe', 33),
(24, 'acacia_sapling', 'Acacia Sapling', 0, 0, 1, 0, 0, 'plant;mineable/axe', 34),
(25, 'dark_oak_sapling', 'Dark Oak Sapling', 0, 0, 1, 0, 0, 'plant;mineable/axe', 35),
(26, 'bedrock', 'Bedrock', NULL, 3600000, 0, 15, 0, 'default', 36),
(27, 'water', 'Water', 100, 100, 1, 1, 0, 'default', NULL),
(28, 'lava', 'Lava', 100, 100, 1, 1, 15, 'default', NULL),
(29, 'sand', 'Sand', 0.5, 0.5, 0, 15, 0, 'mineable/shovel', 37),
(30, 'red_sand', 'Red Sand', 0.5, 0.5, 0, 15, 0, 'mineable/shovel', 38),
(31, 'gravel', 'Gravel', 0.6, 0.6, 0, 15, 0, 'mineable/shovel', 39),
(32, 'gold_ore', 'Gold Ore', 3, 3, 0, 15, 0, 'mineable/pickaxe', 46),
(33, 'deepslate_gold_ore', 'Deepslate Gold Ore', 4.5, 3, 0, 15, 0, 'mineable/pickaxe', 47),
(34, 'iron_ore', 'Iron Ore', 3, 3, 0, 15, 0, 'mineable/pickaxe', 42),
(35, 'deepslate_iron_ore', 'Deepslate Iron Ore', 4.5, 3, 0, 15, 0, 'mineable/pickaxe', 43),
(36, 'coal_ore', 'Coal Ore', 3, 3, 0, 15, 0, 'mineable/pickaxe', 40),
(37, 'deepslate_coal_ore', 'Deepslate Coal Ore', 4.5, 3, 0, 15, 0, 'mineable/pickaxe', 41),
(38, 'nether_gold_ore', 'Nether Gold Ore', 3, 3, 0, 15, 0, 'mineable/pickaxe', 56),
(39, 'oak_log', 'Oak Log', 2, 2, 0, 15, 0, 'mineable/axe', 101),
(40, 'spruce_log', 'Spruce Log', 2, 2, 0, 15, 0, 'mineable/axe', 102),
(41, 'birch_log', 'Birch Log', 2, 2, 0, 15, 0, 'mineable/axe', 103),
(42, 'jungle_log', 'Jungle Log', 2, 2, 0, 15, 0, 'mineable/axe', 104),
(43, 'acacia_log', 'Acacia Log', 2, 2, 0, 15, 0, 'mineable/axe', 105),
(44, 'dark_oak_log', 'Dark Oak Log', 2, 2, 0, 15, 0, 'mineable/axe', 106),
(45, 'stripped_spruce_log', 'Stripped Spruce Log', 2, 2, 0, 15, 0, 'mineable/axe', 110),
(46, 'stripped_birch_log', 'Stripped Birch Log', 2, 2, 0, 15, 0, 'mineable/axe', 111),
(47, 'stripped_jungle_log', 'Stripped Jungle Log', 2, 2, 0, 15, 0, 'mineable/axe', 112),
(48, 'stripped_acacia_log', 'Stripped Acacia Log', 2, 2, 0, 15, 0, 'mineable/axe', 113),
(49, 'stripped_dark_oak_log', 'Stripped Dark Oak Log', 2, 2, 0, 15, 0, 'mineable/axe', 114),
(50, 'stripped_oak_log', 'Stripped Oak Log', 2, 2, 0, 15, 0, 'mineable/axe', 109),
(51, 'oak_wood', 'Oak Wood', 2, 2, 0, 15, 0, 'mineable/axe', 125),
(52, 'spruce_wood', 'Spruce Wood', 2, 2, 0, 15, 0, 'mineable/axe', 126),
(53, 'birch_wood', 'Birch Wood', 2, 2, 0, 15, 0, 'mineable/axe', 127),
(54, 'jungle_wood', 'Jungle Wood', 2, 2, 0, 15, 0, 'mineable/axe', 128),
(55, 'acacia_wood', 'Acacia Wood', 2, 2, 0, 15, 0, 'mineable/axe', 129),
(56, 'dark_oak_wood', 'Dark Oak Wood', 2, 2, 0, 15, 0, 'mineable/axe', 130),
(57, 'stripped_oak_wood', 'Stripped Oak Wood', 2, 2, 0, 15, 0, 'mineable/axe', 117),
(58, 'stripped_spruce_wood', 'Stripped Spruce Wood', 2, 2, 0, 15, 0, 'mineable/axe', 118),
(59, 'stripped_birch_wood', 'Stripped Birch Wood', 2, 2, 0, 15, 0, 'mineable/axe', 119),
(60, 'stripped_jungle_wood', 'Stripped Jungle Wood', 2, 2, 0, 15, 0, 'mineable/axe', 120),
(61, 'stripped_acacia_wood', 'Stripped Acacia Wood', 2, 2, 0, 15, 0, 'mineable/axe', 121),
(62, 'stripped_dark_oak_wood', 'Stripped Dark Oak Wood', 2, 2, 0, 15, 0, 'mineable/axe', 122),
(63, 'oak_leaves', 'Oak Leaves', 0.2, 0.2, 1, 1, 0, 'leaves;mineable/hoe', 133),
(64, 'spruce_leaves', 'Spruce Leaves', 0.2, 0.2, 1, 1, 0, 'leaves;mineable/hoe', 134),
(65, 'birch_leaves', 'Birch Leaves', 0.2, 0.2, 1, 1, 0, 'leaves;mineable/hoe', 135),
(66, 'jungle_leaves', 'Jungle Leaves', 0.2, 0.2, 1, 1, 0, 'leaves;mineable/hoe', 136),
(67, 'acacia_leaves', 'Acacia Leaves', 0.2, 0.2, 1, 1, 0, 'leaves;mineable/hoe', 137),
(68, 'dark_oak_leaves', 'Dark Oak Leaves', 0.2, 0.2, 1, 1, 0, 'leaves;mineable/hoe', 138),
(69, 'azalea_leaves', 'Azalea Leaves', 0.2, 0.2, 1, 1, 0, 'leaves;mineable/hoe', 139),
(70, 'flowering_azalea_leaves', 'Flowering Azalea Leaves', 0.2, 0.2, 1, 1, 0, 'leaves;mineable/axe;mineable/hoe', 140),
(71, 'sponge', 'Sponge', 0.6, 0.6, 0, 15, 0, 'mineable/hoe', 141),
(72, 'wet_sponge', 'Wet Sponge', 0.6, 0.6, 0, 15, 0, 'mineable/hoe', 142),
(73, 'glass', 'Glass', 0.3, 0.3, 1, 0, 0, 'default', 143),
(74, 'lapis_ore', 'Lapis Lazuli Ore', 3, 3, 0, 15, 0, 'mineable/pickaxe', 52),
(75, 'deepslate_lapis_ore', 'Deepslate Lapis Lazuli Ore', 4.5, 3, 0, 15, 0, 'mineable/pickaxe', 53),
(76, 'lapis_block', 'Block of Lapis Lazuli', 3, 3, 0, 15, 0, 'mineable/pickaxe', 145),
(77, 'dispenser', 'Dispenser', 3.5, 3.5, 0, 15, 0, 'mineable/pickaxe', 596),
(78, 'sandstone', 'Sandstone', 0.8, 0.8, 0, 15, 0, 'mineable/pickaxe', 146),
(79, 'chiseled_sandstone', 'Chiseled Sandstone', 0.8, 0.8, 0, 15, 0, 'mineable/pickaxe', 147),
(80, 'cut_sandstone', 'Cut Sandstone', 0.8, 0.8, 0, 15, 0, 'mineable/pickaxe', 148),
(81, 'note_block', 'Note Block', 0.8, 0.8, 0, 15, 0, 'mineable/axe', 608),
(82, 'white_bed', 'White Bed', 0.2, 0.2, 1, 0, 0, 'default', 830),
(83, 'orange_bed', 'Orange Bed', 0.2, 0.2, 1, 0, 0, 'default', 831),
(84, 'magenta_bed', 'Magenta Bed', 0.2, 0.2, 1, 0, 0, 'default', 832),
(85, 'light_blue_bed', 'Light Blue Bed', 0.2, 0.2, 1, 0, 0, 'default', 833),
(86, 'yellow_bed', 'Yellow Bed', 0.2, 0.2, 1, 0, 0, 'default', 834),
(87, 'lime_bed', 'Lime Bed', 0.2, 0.2, 1, 0, 0, 'default', 835),
(88, 'pink_bed', 'Pink Bed', 0.2, 0.2, 1, 0, 0, 'default', 836),
(89, 'gray_bed', 'Gray Bed', 0.2, 0.2, 1, 0, 0, 'default', 837),
(90, 'light_gray_bed', 'Light Gray Bed', 0.2, 0.2, 1, 0, 0, 'default', 838),
(91, 'cyan_bed', 'Cyan Bed', 0.2, 0.2, 1, 0, 0, 'default', 839),
(92, 'purple_bed', 'Purple Bed', 0.2, 0.2, 1, 0, 0, 'default', 840),
(93, 'blue_bed', 'Blue Bed', 0.2, 0.2, 1, 0, 0, 'default', 841),
(94, 'brown_bed', 'Brown Bed', 0.2, 0.2, 1, 0, 0, 'default', 842),
(95, 'green_bed', 'Green Bed', 0.2, 0.2, 1, 0, 0, 'default', 843),
(96, 'red_bed', 'Red Bed', 0.2, 0.2, 1, 0, 0, 'default', 844),
(97, 'black_bed', 'Black Bed', 0.2, 0.2, 1, 0, 0, 'default', 845),
(98, 'powered_rail', 'Powered Rail', 0.7, 0.7, 1, 0, 0, 'mineable/pickaxe', 657),
(99, 'detector_rail', 'Detector Rail', 0.7, 0.7, 1, 0, 0, 'mineable/pickaxe', 658),
(100, 'sticky_piston', 'Sticky Piston', 1.5, 1.5, 0, 15, 0, 'mineable/pickaxe', 591),
(101, 'cobweb', 'Cobweb', 4, 4, 1, 1, 0, 'coweb', 149),
(102, 'grass', 'Grass', 0, 0, 1, 0, 0, 'plant;mineable/axe', 150),
(103, 'fern', 'Fern', 0, 0, 1, 0, 0, 'plant;mineable/axe', 151),
(104, 'dead_bush', 'Dead Bush', 0, 0, 1, 0, 0, 'plant;mineable/axe', 154),
(105, 'seagrass', 'Seagrass', 0, 0, 1, 1, 0, 'default', 155),
(106, 'tall_seagrass', 'Tall Seagrass', 0, 0, 1, 1, 0, 'default', NULL),
(107, 'piston', 'Piston', 1.5, 1.5, 0, 15, 0, 'mineable/pickaxe', 590),
(108, 'piston_head', 'Piston Head', 1.5, 1.5, 0, 0, 0, 'mineable/pickaxe', NULL),
(109, 'white_wool', 'White Wool', 0.8, 0.8, 0, 15, 0, 'wool', 157),
(110, 'orange_wool', 'Orange Wool', 0.8, 0.8, 0, 15, 0, 'wool', 158),
(111, 'magenta_wool', 'Magenta Wool', 0.8, 0.8, 0, 15, 0, 'wool', 159),
(112, 'light_blue_wool', 'Light Blue Wool', 0.8, 0.8, 0, 15, 0, 'wool', 160),
(113, 'yellow_wool', 'Yellow Wool', 0.8, 0.8, 0, 15, 0, 'wool', 161),
(114, 'lime_wool', 'Lime Wool', 0.8, 0.8, 0, 15, 0, 'wool', 162),
(115, 'pink_wool', 'Pink Wool', 0.8, 0.8, 0, 15, 0, 'wool', 163),
(116, 'gray_wool', 'Gray Wool', 0.8, 0.8, 0, 15, 0, 'wool', 164),
(117, 'light_gray_wool', 'Light Gray Wool', 0.8, 0.8, 0, 15, 0, 'wool', 165),
(118, 'cyan_wool', 'Cyan Wool', 0.8, 0.8, 0, 15, 0, 'wool', 166),
(119, 'purple_wool', 'Purple Wool', 0.8, 0.8, 0, 15, 0, 'wool', 167),
(120, 'blue_wool', 'Blue Wool', 0.8, 0.8, 0, 15, 0, 'wool', 168),
(121, 'brown_wool', 'Brown Wool', 0.8, 0.8, 0, 15, 0, 'wool', 169),
(122, 'green_wool', 'Green Wool', 0.8, 0.8, 0, 15, 0, 'wool', 170),
(123, 'red_wool', 'Red Wool', 0.8, 0.8, 0, 15, 0, 'wool', 171),
(124, 'black_wool', 'Black Wool', 0.8, 0.8, 0, 15, 0, 'wool', 172),
(125, 'moving_piston', 'Moving Piston', NULL, -1, 1, 0, 0, 'default', NULL),
(126, 'dandelion', 'Dandelion', 0, 0, 1, 0, 0, 'plant;mineable/axe', 173),
(127, 'poppy', 'Poppy', 0, 0, 1, 0, 0, 'plant;mineable/axe', 174),
(128, 'blue_orchid', 'Blue Orchid', 0, 0, 1, 0, 0, 'plant;mineable/axe', 175),
(129, 'allium', 'Allium', 0, 0, 1, 0, 0, 'plant;mineable/axe', 176),
(130, 'azure_bluet', 'Azure Bluet', 0, 0, 1, 0, 0, 'plant;mineable/axe', 177),
(131, 'red_tulip', 'Red Tulip', 0, 0, 1, 0, 0, 'plant;mineable/axe', 178),
(132, 'orange_tulip', 'Orange Tulip', 0, 0, 1, 0, 0, 'plant;mineable/axe', 179),
(133, 'white_tulip', 'White Tulip', 0, 0, 1, 0, 0, 'plant;mineable/axe', 180),
(134, 'pink_tulip', 'Pink Tulip', 0, 0, 1, 0, 0, 'plant;mineable/axe', 181),
(135, 'oxeye_daisy', 'Oxeye Daisy', 0, 0, 1, 0, 0, 'plant;mineable/axe', 182),
(136, 'cornflower', 'Cornflower', 0, 0, 1, 0, 0, 'plant;mineable/axe', 183),
(137, 'wither_rose', 'Wither Rose', 0, 0, 1, 0, 0, 'plant;mineable/axe', 185),
(138, 'lily_of_the_valley', 'Lily of the Valley', 0, 0, 1, 0, 0, 'plant;mineable/axe', 184),
(139, 'brown_mushroom', 'Brown Mushroom', 0, 0, 1, 0, 1, 'plant;mineable/axe', 187),
(140, 'red_mushroom', 'Red Mushroom', 0, 0, 1, 0, 0, 'plant;mineable/axe', 188),
(141, 'gold_block', 'Block of Gold', 3, 6, 0, 15, 0, 'mineable/pickaxe', 67),
(142, 'iron_block', 'Block of Iron', 5, 6, 0, 15, 0, 'mineable/pickaxe', 65),
(143, 'bricks', 'Bricks', 2, 6, 0, 15, 0, 'mineable/pickaxe', 232),
(144, 'tnt', 'TNT', 0, 0, 0, 15, 0, 'default', 606),
(145, 'bookshelf', 'Bookshelf', 1.5, 1.5, 0, 15, 0, 'mineable/axe', 233),
(146, 'mossy_cobblestone', 'Mossy Cobblestone', 2, 6, 0, 15, 0, 'mineable/pickaxe', 234),
(147, 'obsidian', 'Obsidian', 50, 1200, 0, 15, 0, 'mineable/pickaxe', 235),
(148, 'torch', 'Torch', 0, 0, 1, 0, 14, 'default', 236),
(149, 'wall_torch', 'Wall Torch', 0, 0, 1, 0, 14, 'default', NULL),
(150, 'fire', 'Fire', 0, 0, 1, 0, 15, 'default', NULL),
(151, 'soul_fire', 'Soul Fire', 0, 0, 1, 0, 10, 'default', NULL),
(152, 'spawner', 'Spawner', 5, 5, 1, 1, 0, 'mineable/pickaxe', 243),
(153, 'oak_stairs', 'Oak Stairs', 2, 3, 0, 0, 0, 'mineable/axe', 244),
(154, 'chest', 'Chest', 2.5, 2.5, 0, 0, 0, 'mineable/axe', 245),
(155, 'redstone_wire', 'Redstone Wire', 0, 0, 1, 0, 0, 'default', NULL),
(156, 'diamond_ore', 'Diamond Ore', 3, 3, 0, 15, 0, 'mineable/pickaxe', 54),
(157, 'deepslate_diamond_ore', 'Deepslate Diamond Ore', 4.5, 3, 0, 15, 0, 'mineable/pickaxe', 55),
(158, 'diamond_block', 'Block of Diamond', 5, 6, 0, 15, 0, 'mineable/pickaxe', 68),
(159, 'crafting_table', 'Crafting Table', 2.5, 2.5, 0, 15, 0, 'mineable/axe', 246),
(160, 'wheat', 'Wheat Crops', 0, 0, 1, 0, 0, 'plant;mineable/axe', 736),
(161, 'farmland', 'Farmland', 0.6, 0.6, 0, 0, 0, 'mineable/shovel', 247),
(162, 'furnace', 'Furnace', 3.5, 3.5, 0, 15, 0, 'mineable/pickaxe', 248),
(163, 'oak_sign', 'Oak Sign', 1, 1, 1, 0, 0, 'mineable/axe', 768),
(164, 'spruce_sign', 'Spruce Sign', 1, 1, 1, 0, 0, 'mineable/axe', 769),
(165, 'birch_sign', 'Birch Sign', 1, 1, 1, 0, 0, 'mineable/axe', 770),
(166, 'acacia_sign', 'Acacia Sign', 1, 1, 1, 0, 0, 'mineable/axe', 772),
(167, 'jungle_sign', 'Jungle Sign', 1, 1, 1, 0, 0, 'mineable/axe', 771),
(168, 'dark_oak_sign', 'Dark Oak Sign', 1, 1, 1, 0, 0, 'mineable/axe', 773),
(169, 'oak_door', 'Oak Door', 3, 3, 1, 0, 0, 'mineable/axe', 632),
(170, 'ladder', 'Ladder', 0.4, 0.4, 1, 0, 0, 'mineable/axe', 249),
(171, 'rail', 'Rail', 0.7, 0.7, 1, 0, 0, 'mineable/pickaxe', 659),
(172, 'cobblestone_stairs', 'Cobblestone Stairs', 2, 6, 0, 0, 0, 'mineable/pickaxe', 250),
(173, 'oak_wall_sign', 'Oak Wall Sign', 1, 1, 1, 0, 0, 'mineable/axe', NULL),
(174, 'spruce_wall_sign', 'Spruce Wall Sign', 1, 1, 1, 0, 0, 'mineable/axe', NULL),
(175, 'birch_wall_sign', 'Birch Wall Sign', 1, 1, 1, 0, 0, 'mineable/axe', NULL),
(176, 'acacia_wall_sign', 'Acacia Wall Sign', 1, 1, 1, 0, 0, 'mineable/axe', NULL),
(177, 'jungle_wall_sign', 'Jungle Wall Sign', 1, 1, 1, 0, 0, 'mineable/axe', NULL),
(178, 'dark_oak_wall_sign', 'Dark Oak Wall Sign', 1, 1, 1, 0, 0, 'mineable/axe', NULL),
(179, 'lever', 'Lever', 0.5, 0.5, 1, 0, 0, 'default', 600),
(180, 'stone_pressure_plate', 'Stone Pressure Plate', 0.5, 0.5, 1, 0, 0, 'mineable/pickaxe', 619),
(181, 'iron_door', 'Iron Door', 5, 5, 1, 0, 0, 'mineable/pickaxe', 631),
(182, 'oak_pressure_plate', 'Oak Pressure Plate', 0.5, 0.5, 1, 0, 0, 'mineable/axe', 623),
(183, 'spruce_pressure_plate', 'Spruce Pressure Plate', 0.5, 0.5, 1, 0, 0, 'mineable/axe', 624),
(184, 'birch_pressure_plate', 'Birch Pressure Plate', 0.5, 0.5, 1, 0, 0, 'mineable/axe', 625),
(185, 'jungle_pressure_plate', 'Jungle Pressure Plate', 0.5, 0.5, 1, 0, 0, 'mineable/axe', 626),
(186, 'acacia_pressure_plate', 'Acacia Pressure Plate', 0.5, 0.5, 1, 0, 0, 'mineable/axe', 627),
(187, 'dark_oak_pressure_plate', 'Dark Oak Pressure Plate', 0.5, 0.5, 1, 0, 0, 'mineable/axe', 628),
(188, 'redstone_ore', 'Redstone Ore', 3, 3, 0, 15, 0, 'mineable/pickaxe', 48),
(189, 'deepslate_redstone_ore', 'Deepslate Redstone Ore', 4.5, 3, 0, 15, 0, 'mineable/pickaxe', 49),
(190, 'redstone_torch', 'Redstone Torch', 0, 0, 1, 0, 7, 'default', 586),
(191, 'redstone_wall_torch', 'Redstone Wall Torch', 0, 0, 1, 0, 7, 'default', NULL),
(192, 'stone_button', 'Stone Button', 0.5, 0.5, 1, 0, 0, 'mineable/pickaxe', 609),
(193, 'snow', 'Snow', 0.1, 0.1, 0, 0, 0, 'mineable/shovel', 251),
(194, 'ice', 'Ice', 0.5, 0.5, 1, 1, 0, 'mineable/pickaxe', 252),
(195, 'snow_block', 'Snow Block', 0.2, 0.2, 0, 15, 0, 'mineable/shovel', 253),
(196, 'cactus', 'Cactus', 0.4, 0.4, 0, 0, 0, 'default', 254),
(197, 'clay', 'Clay', 0.6, 0.6, 0, 15, 0, 'mineable/shovel', 255),
(198, 'sugar_cane', 'Sugar Cane', 0, 0, 1, 0, 0, 'plant;mineable/axe', 196),
(199, 'jukebox', 'Jukebox', 2, 6, 0, 15, 0, 'mineable/axe', 256),
(200, 'oak_fence', 'Oak Fence', 2, 3, 0, 0, 0, 'mineable/axe', 257),
(201, 'pumpkin', 'Pumpkin', 1, 1, 0, 15, 0, 'gourd;mineable/axe', 265),
(202, 'netherrack', 'Netherrack', 0.4, 0.4, 0, 15, 0, 'mineable/pickaxe', 268),
(203, 'soul_sand', 'Soul Sand', 0.5, 0.5, 0, 15, 0, 'mineable/shovel', 269),
(204, 'soul_soil', 'Soul Soil', 0.5, 0.5, 0, 15, 0, 'mineable/shovel', 270),
(205, 'basalt', 'Basalt', 1.25, 4.2, 0, 15, 0, 'mineable/pickaxe', 271),
(206, 'polished_basalt', 'Polished Basalt', 1.25, 4.2, 0, 15, 0, 'mineable/pickaxe', 272),
(207, 'soul_torch', 'Soul Torch', 0, 0, 1, 0, 10, 'default', 274),
(208, 'soul_wall_torch', 'Soul Wall Torch', 0, 0, 1, 0, 10, 'default', NULL),
(209, 'glowstone', 'Glowstone', 0.3, 0.3, 0, 15, 15, 'default', 275),
(210, 'nether_portal', 'Nether Portal', NULL, -1, 1, 0, 11, 'default', NULL),
(211, 'carved_pumpkin', 'Carved Pumpkin', 1, 1, 0, 15, 0, 'gourd;mineable/axe', 266),
(212, 'jack_o_lantern', 'Jack o\'Lantern', 1, 1, 0, 15, 15, 'gourd;mineable/axe', 267),
(213, 'cake', 'Cake', 0.5, 0.5, 0, 0, 0, 'default', 829),
(214, 'repeater', 'Redstone Repeater', 0, 0, 0, 0, 0, 'default', 588),
(215, 'white_stained_glass', 'White Stained Glass', 0.3, 0.3, 1, 0, 0, 'default', 400),
(216, 'orange_stained_glass', 'Orange Stained Glass', 0.3, 0.3, 1, 0, 0, 'default', 401),
(217, 'magenta_stained_glass', 'Magenta Stained Glass', 0.3, 0.3, 1, 0, 0, 'default', 402),
(218, 'light_blue_stained_glass', 'Light Blue Stained Glass', 0.3, 0.3, 1, 0, 0, 'default', 403),
(219, 'yellow_stained_glass', 'Yellow Stained Glass', 0.3, 0.3, 1, 0, 0, 'default', 404),
(220, 'lime_stained_glass', 'Lime Stained Glass', 0.3, 0.3, 1, 0, 0, 'default', 405),
(221, 'pink_stained_glass', 'Pink Stained Glass', 0.3, 0.3, 1, 0, 0, 'default', 406),
(222, 'gray_stained_glass', 'Gray Stained Glass', 0.3, 0.3, 1, 0, 0, 'default', 407),
(223, 'light_gray_stained_glass', 'Light Gray Stained Glass', 0.3, 0.3, 1, 0, 0, 'default', 408),
(224, 'cyan_stained_glass', 'Cyan Stained Glass', 0.3, 0.3, 1, 0, 0, 'default', 409),
(225, 'purple_stained_glass', 'Purple Stained Glass', 0.3, 0.3, 1, 0, 0, 'default', 410),
(226, 'blue_stained_glass', 'Blue Stained Glass', 0.3, 0.3, 1, 0, 0, 'default', 411),
(227, 'brown_stained_glass', 'Brown Stained Glass', 0.3, 0.3, 1, 0, 0, 'default', 412),
(228, 'green_stained_glass', 'Green Stained Glass', 0.3, 0.3, 1, 0, 0, 'default', 413),
(229, 'red_stained_glass', 'Red Stained Glass', 0.3, 0.3, 1, 0, 0, 'default', 414),
(230, 'black_stained_glass', 'Black Stained Glass', 0.3, 0.3, 1, 0, 0, 'default', 415),
(231, 'oak_trapdoor', 'Oak Trapdoor', 3, 3, 1, 0, 0, 'mineable/axe', 641),
(232, 'spruce_trapdoor', 'Spruce Trapdoor', 3, 3, 1, 0, 0, 'mineable/axe', 642),
(233, 'birch_trapdoor', 'Birch Trapdoor', 3, 3, 1, 0, 0, 'mineable/axe', 643),
(234, 'jungle_trapdoor', 'Jungle Trapdoor', 3, 3, 1, 0, 0, 'mineable/axe', 644),
(235, 'acacia_trapdoor', 'Acacia Trapdoor', 3, 3, 1, 0, 0, 'mineable/axe', 645),
(236, 'dark_oak_trapdoor', 'Dark Oak Trapdoor', 3, 3, 1, 0, 0, 'mineable/axe', 646),
(237, 'stone_bricks', 'Stone Bricks', 1.5, 6, 0, 15, 0, 'mineable/pickaxe', 283),
(238, 'mossy_stone_bricks', 'Mossy Stone Bricks', 1.5, 6, 0, 15, 0, 'mineable/pickaxe', 284),
(239, 'cracked_stone_bricks', 'Cracked Stone Bricks', 1.5, 6, 0, 15, 0, 'mineable/pickaxe', 285),
(240, 'chiseled_stone_bricks', 'Chiseled Stone Bricks', 1.5, 6, 0, 15, 0, 'mineable/pickaxe', 286),
(241, 'infested_stone', 'Infested Stone', 0, 0, 0, 15, 0, 'mineable/pickaxe', 276),
(242, 'infested_cobblestone', 'Infested Cobblestone', 0, 0, 0, 15, 0, 'mineable/pickaxe', 277),
(243, 'infested_stone_bricks', 'Infested Stone Bricks', 0, 0, 0, 15, 0, 'mineable/pickaxe', 278),
(244, 'infested_mossy_stone_bricks', 'Infested Mossy Stone Bricks', 0, 0, 0, 15, 0, 'mineable/pickaxe', 279),
(245, 'infested_cracked_stone_bricks', 'Infested Cracked Stone Bricks', 0, 0, 0, 15, 0, 'mineable/pickaxe', 280),
(246, 'infested_chiseled_stone_bricks', 'Infested Chiseled Stone Bricks', 0, 0, 0, 15, 0, 'mineable/pickaxe', 281),
(247, 'brown_mushroom_block', 'Brown Mushroom Block', 0.2, 0.2, 0, 15, 0, 'mineable/axe', 292),
(248, 'red_mushroom_block', 'Red Mushroom Block', 0.2, 0.2, 0, 15, 0, 'mineable/axe', 293),
(249, 'mushroom_stem', 'Mushroom Stem', 0.2, 0.2, 0, 15, 0, 'mineable/axe', 294),
(250, 'iron_bars', 'Iron Bars', 5, 6, 1, 0, 0, 'mineable/pickaxe', 295),
(251, 'chain', 'Chain', 5, 6, 1, 0, 0, 'mineable/pickaxe', 296),
(252, 'glass_pane', 'Glass Pane', 0.3, 0.3, 1, 0, 0, 'default', 297),
(253, 'melon', 'Melon', 1, 1, 0, 15, 0, 'gourd;mineable/axe', 298),
(254, 'attached_pumpkin_stem', 'Attached Pumpkin Stem', 0, 0, 1, 0, 0, 'plant;mineable/axe', NULL),
(255, 'attached_melon_stem', 'Attached Melon Stem', 0, 0, 1, 0, 0, 'plant;mineable/axe', NULL),
(256, 'pumpkin_stem', 'Pumpkin Stem', 0, 0, 1, 0, 0, 'plant;mineable/axe', NULL),
(257, 'melon_stem', 'Melon Stem', 0, 0, 1, 0, 0, 'plant;mineable/axe', NULL),
(258, 'vine', 'Vines', 0.2, 0.2, 1, 0, 0, 'vine_or_glow_lichen;plant;mineable/axe', 299),
(259, 'glow_lichen', 'Glow Lichen', 0.2, 0.2, 1, 0, 0, 'vine_or_glow_lichen;plant;mineable/axe', 300),
(260, 'oak_fence_gate', 'Oak Fence Gate', 2, 3, 0, 0, 0, 'mineable/axe', 649),
(261, 'brick_stairs', 'Brick Stairs', 2, 6, 0, 0, 0, 'mineable/pickaxe', 301),
(262, 'stone_brick_stairs', 'Stone Brick Stairs', 1.5, 6, 0, 0, 0, 'mineable/pickaxe', 302),
(263, 'mycelium', 'Mycelium', 0.6, 0.6, 0, 15, 0, 'mineable/shovel', 303),
(264, 'lily_pad', 'Lily Pad', 0, 0, 1, 0, 0, 'plant;mineable/axe', 304),
(265, 'nether_bricks', 'Nether Bricks', 2, 6, 0, 15, 0, 'mineable/pickaxe', 305),
(266, 'nether_brick_fence', 'Nether Brick Fence', 2, 6, 0, 0, 0, 'mineable/pickaxe', 308),
(267, 'nether_brick_stairs', 'Nether Brick Stairs', 2, 6, 0, 0, 0, 'mineable/pickaxe', 309),
(268, 'nether_wart', 'Nether Wart', 0, 0, 1, 0, 0, 'plant;mineable/axe', 862),
(269, 'enchanting_table', 'Enchanting Table', 5, 1200, 0, 0, 0, 'mineable/pickaxe', 310),
(270, 'brewing_stand', 'Brewing Stand', 0.5, 0.5, 1, 0, 1, 'mineable/pickaxe', 869),
(271, 'cauldron', 'Cauldron', 2, 2, 1, 0, 0, 'mineable/pickaxe', 870),
(272, 'water_cauldron', 'Water Cauldron', 0, 0, 1, 0, 0, 'mineable/pickaxe', NULL),
(273, 'lava_cauldron', 'Lava Cauldron', 0, 0, 1, 0, 15, 'mineable/pickaxe', NULL),
(274, 'powder_snow_cauldron', 'Powder Snow Cauldron', 0, 0, 1, 0, 0, 'mineable/pickaxe', NULL),
(275, 'end_portal', 'End Portal', NULL, 3600000, 1, 0, 15, 'default', NULL),
(276, 'end_portal_frame', 'End Portal Frame', NULL, 3600000, 0, 0, 1, 'default', 311),
(277, 'end_stone', 'End Stone', 3, 9, 0, 15, 0, 'mineable/pickaxe', 312),
(278, 'dragon_egg', 'Dragon Egg', 3, 9, 1, 0, 1, 'default', 314),
(279, 'redstone_lamp', 'Redstone Lamp', 0.3, 0.3, 0, 15, 0, 'default', 607),
(280, 'cocoa', 'Cocoa', 0.2, 3, 1, 0, 0, 'plant;mineable/axe', NULL),
(281, 'sandstone_stairs', 'Sandstone Stairs', 0.8, 0.8, 0, 0, 0, 'mineable/pickaxe', 315),
(282, 'emerald_ore', 'Emerald Ore', 3, 3, 0, 15, 0, 'mineable/pickaxe', 50),
(283, 'deepslate_emerald_ore', 'Deepslate Emerald Ore', 4.5, 3, 0, 15, 0, 'mineable/pickaxe', 51),
(284, 'ender_chest', 'Ender Chest', 22.5, 600, 0, 0, 7, 'mineable/pickaxe', 316),
(285, 'tripwire_hook', 'Tripwire Hook', 0, 0, 1, 0, 0, 'default', 604),
(286, 'tripwire', 'Tripwire', 0, 0, 1, 0, 0, 'default', NULL),
(287, 'emerald_block', 'Block of Emerald', 5, 6, 0, 15, 0, 'mineable/pickaxe', 317),
(288, 'spruce_stairs', 'Spruce Stairs', 2, 3, 0, 0, 0, 'mineable/axe', 318),
(289, 'birch_stairs', 'Birch Stairs', 2, 3, 0, 0, 0, 'mineable/axe', 319),
(290, 'jungle_stairs', 'Jungle Stairs', 2, 3, 0, 0, 0, 'mineable/axe', 320),
(291, 'command_block', 'Command Block', NULL, 3600000, 0, 15, 0, 'default', 323),
(292, 'beacon', 'Beacon', 3, 3, 1, 1, 15, 'default', 324),
(293, 'cobblestone_wall', 'Cobblestone Wall', 2, 6, 0, 0, 0, 'mineable/pickaxe', 325),
(294, 'mossy_cobblestone_wall', 'Mossy Cobblestone Wall', 2, 6, 0, 0, 0, 'mineable/pickaxe', 326),
(295, 'flower_pot', 'Flower Pot', 0, 0, 1, 0, 0, 'default', 946),
(296, 'potted_oak_sapling', 'Potted Oak Sapling', 0, 0, 1, 0, 0, 'default', NULL),
(297, 'potted_spruce_sapling', 'Potted Spruce Sapling', 0, 0, 1, 0, 0, 'default', NULL),
(298, 'potted_birch_sapling', 'Potted Birch Sapling', 0, 0, 1, 0, 0, 'default', NULL),
(299, 'potted_jungle_sapling', 'Potted Jungle Sapling', 0, 0, 1, 0, 0, 'default', NULL),
(300, 'potted_acacia_sapling', 'Potted Acacia Sapling', 0, 0, 1, 0, 0, 'default', NULL),
(301, 'potted_dark_oak_sapling', 'Potted Dark Oak Sapling', 0, 0, 1, 0, 0, 'default', NULL),
(302, 'potted_fern', 'Potted Fern', 0, 0, 1, 0, 0, 'default', NULL),
(303, 'potted_dandelion', 'Potted Dandelion', 0, 0, 1, 0, 0, 'default', NULL),
(304, 'potted_poppy', 'Potted Poppy', 0, 0, 1, 0, 0, 'default', NULL),
(305, 'potted_blue_orchid', 'Potted Blue Orchid', 0, 0, 1, 0, 0, 'default', NULL),
(306, 'potted_allium', 'Potted Allium', 0, 0, 1, 0, 0, 'default', NULL),
(307, 'potted_azure_bluet', 'Potted Azure Bluet', 0, 0, 1, 0, 0, 'default', NULL),
(308, 'potted_red_tulip', 'Potted Red Tulip', 0, 0, 1, 0, 0, 'default', NULL),
(309, 'potted_orange_tulip', 'Potted Orange Tulip', 0, 0, 1, 0, 0, 'default', NULL),
(310, 'potted_white_tulip', 'Potted White Tulip', 0, 0, 1, 0, 0, 'default', NULL),
(311, 'potted_pink_tulip', 'Potted Pink Tulip', 0, 0, 1, 0, 0, 'default', NULL),
(312, 'potted_oxeye_daisy', 'Potted Oxeye Daisy', 0, 0, 1, 0, 0, 'default', NULL),
(313, 'potted_cornflower', 'Potted Cornflower', 0, 0, 1, 0, 0, 'default', NULL),
(314, 'potted_lily_of_the_valley', 'Potted Lily of the Valley', 0, 0, 1, 0, 0, 'default', NULL),
(315, 'potted_wither_rose', 'Potted Wither Rose', 0, 0, 1, 0, 0, 'default', NULL),
(316, 'potted_red_mushroom', 'Potted Red Mushroom', 0, 0, 1, 0, 0, 'default', NULL),
(317, 'potted_brown_mushroom', 'Potted Brown Mushroom', 0, 0, 1, 0, 0, 'default', NULL),
(318, 'potted_dead_bush', 'Potted Dead Bush', 0, 0, 1, 0, 0, 'default', NULL),
(319, 'potted_cactus', 'Potted Cactus', 0, 0, 1, 0, 0, 'default', NULL),
(320, 'carrots', 'Carrots', 0, 0, 1, 0, 0, 'plant;mineable/axe', NULL),
(321, 'potatoes', 'Potatoes', 0, 0, 1, 0, 0, 'plant;mineable/axe', NULL),
(322, 'oak_button', 'Oak Button', 0.5, 0.5, 1, 0, 0, 'mineable/axe', 611),
(323, 'spruce_button', 'Spruce Button', 0.5, 0.5, 1, 0, 0, 'mineable/axe', 612),
(324, 'birch_button', 'Birch Button', 0.5, 0.5, 1, 0, 0, 'mineable/axe', 613),
(325, 'jungle_button', 'Jungle Button', 0.5, 0.5, 1, 0, 0, 'mineable/axe', 614),
(326, 'acacia_button', 'Acacia Button', 0.5, 0.5, 1, 0, 0, 'mineable/axe', 615),
(327, 'dark_oak_button', 'Dark Oak Button', 0.5, 0.5, 1, 0, 0, 'mineable/axe', 616),
(328, 'skeleton_skull', 'Skeleton Skull', 1, 1, 0, 0, 0, 'default', 953),
(329, 'skeleton_wall_skull', 'Skeleton Wall Skull', 1, 1, 0, 0, 0, 'default', NULL),
(330, 'wither_skeleton_skull', 'Wither Skeleton Skull', 1, 1, 0, 0, 0, 'default', 954),
(331, 'wither_skeleton_wall_skull', 'Wither Skeleton Wall Skull', 1, 1, 0, 0, 0, 'default', NULL),
(332, 'zombie_head', 'Zombie Head', 1, 1, 0, 0, 0, 'default', 956),
(333, 'zombie_wall_head', 'Zombie Wall Head', 1, 1, 0, 0, 0, 'default', NULL),
(334, 'player_head', 'Player Head', 1, 1, 0, 0, 0, 'default', 955),
(335, 'player_wall_head', 'Player Wall Head', 1, 1, 0, 0, 0, 'default', NULL),
(336, 'creeper_head', 'Creeper Head', 1, 1, 0, 0, 0, 'default', 957),
(337, 'creeper_wall_head', 'Creeper Wall Head', 1, 1, 0, 0, 0, 'default', NULL),
(338, 'dragon_head', 'Dragon Head', 1, 1, 0, 0, 0, 'default', 958),
(339, 'dragon_wall_head', 'Dragon Wall Head', 1, 1, 0, 0, 0, 'default', NULL),
(340, 'anvil', 'Anvil', 5, 1200, 0, 0, 0, 'mineable/pickaxe', 346),
(341, 'chipped_anvil', 'Chipped Anvil', 5, 1200, 0, 0, 0, 'mineable/pickaxe', 347),
(342, 'damaged_anvil', 'Damaged Anvil', 5, 1200, 0, 0, 0, 'mineable/pickaxe', 348),
(343, 'trapped_chest', 'Trapped Chest', 2.5, 2.5, 0, 0, 0, 'mineable/axe', 605),
(344, 'light_weighted_pressure_plate', 'Light Weighted Pressure Plate', 0.5, 0.5, 1, 0, 0, 'mineable/pickaxe', 621),
(345, 'heavy_weighted_pressure_plate', 'Heavy Weighted Pressure Plate', 0.5, 0.5, 1, 0, 0, 'mineable/pickaxe', 622),
(346, 'comparator', 'Redstone Comparator', 0, 0, 0, 0, 0, 'default', 589),
(347, 'daylight_detector', 'Daylight Detector', 0.2, 0.2, 0, 0, 0, 'mineable/axe', 602),
(348, 'redstone_block', 'Block of Redstone', 5, 6, 0, 15, 0, 'mineable/pickaxe', 587),
(349, 'nether_quartz_ore', 'Nether Quartz Ore', 3, 3, 0, 15, 0, 'mineable/pickaxe', 57),
(350, 'hopper', 'Hopper', 3, 4.8, 1, 0, 0, 'mineable/pickaxe', 595),
(351, 'quartz_block', 'Block of Quartz', 0.8, 0.8, 0, 15, 0, 'mineable/pickaxe', 350),
(352, 'chiseled_quartz_block', 'Chiseled Quartz Block', 0.8, 0.8, 0, 15, 0, 'mineable/pickaxe', 349),
(353, 'quartz_pillar', 'Quartz Pillar', 0.8, 0.8, 0, 15, 0, 'mineable/pickaxe', 352),
(354, 'quartz_stairs', 'Quartz Stairs', 0.8, 0.8, 0, 0, 0, 'mineable/pickaxe', 353),
(355, 'activator_rail', 'Activator Rail', 0.7, 0.7, 1, 0, 0, 'mineable/pickaxe', 660),
(356, 'dropper', 'Dropper', 3.5, 3.5, 0, 15, 0, 'mineable/pickaxe', 597),
(357, 'white_terracotta', 'White Terracotta', 1.25, 4.2, 0, 15, 0, 'mineable/pickaxe', 354),
(358, 'orange_terracotta', 'Orange Terracotta', 1.25, 4.2, 0, 15, 0, 'mineable/pickaxe', 355),
(359, 'magenta_terracotta', 'Magenta Terracotta', 1.25, 4.2, 0, 15, 0, 'mineable/pickaxe', 356),
(360, 'light_blue_terracotta', 'Light Blue Terracotta', 1.25, 4.2, 0, 15, 0, 'mineable/pickaxe', 357),
(361, 'yellow_terracotta', 'Yellow Terracotta', 1.25, 4.2, 0, 15, 0, 'mineable/pickaxe', 358),
(362, 'lime_terracotta', 'Lime Terracotta', 1.25, 4.2, 0, 15, 0, 'mineable/pickaxe', 359),
(363, 'pink_terracotta', 'Pink Terracotta', 1.25, 4.2, 0, 15, 0, 'mineable/pickaxe', 360),
(364, 'gray_terracotta', 'Gray Terracotta', 1.25, 4.2, 0, 15, 0, 'mineable/pickaxe', 361),
(365, 'light_gray_terracotta', 'Light Gray Terracotta', 1.25, 4.2, 0, 15, 0, 'mineable/pickaxe', 362),
(366, 'cyan_terracotta', 'Cyan Terracotta', 1.25, 4.2, 0, 15, 0, 'mineable/pickaxe', 363),
(367, 'purple_terracotta', 'Purple Terracotta', 1.25, 4.2, 0, 15, 0, 'mineable/pickaxe', 364),
(368, 'blue_terracotta', 'Blue Terracotta', 1.25, 4.2, 0, 15, 0, 'mineable/pickaxe', 365),
(369, 'brown_terracotta', 'Brown Terracotta', 1.25, 4.2, 0, 15, 0, 'mineable/pickaxe', 366),
(370, 'green_terracotta', 'Green Terracotta', 1.25, 4.2, 0, 15, 0, 'mineable/pickaxe', 367),
(371, 'red_terracotta', 'Red Terracotta', 1.25, 4.2, 0, 15, 0, 'mineable/pickaxe', 368),
(372, 'black_terracotta', 'Black Terracotta', 1.25, 4.2, 0, 15, 0, 'mineable/pickaxe', 369),
(373, 'white_stained_glass_pane', 'White Stained Glass Pane', 0.3, 0.3, 1, 0, 0, 'default', 416),
(374, 'orange_stained_glass_pane', 'Orange Stained Glass Pane', 0.3, 0.3, 1, 0, 0, 'default', 417),
(375, 'magenta_stained_glass_pane', 'Magenta Stained Glass Pane', 0.3, 0.3, 1, 0, 0, 'default', 418),
(376, 'light_blue_stained_glass_pane', 'Light Blue Stained Glass Pane', 0.3, 0.3, 1, 0, 0, 'default', 419),
(377, 'yellow_stained_glass_pane', 'Yellow Stained Glass Pane', 0.3, 0.3, 1, 0, 0, 'default', 420),
(378, 'lime_stained_glass_pane', 'Lime Stained Glass Pane', 0.3, 0.3, 1, 0, 0, 'default', 421),
(379, 'pink_stained_glass_pane', 'Pink Stained Glass Pane', 0.3, 0.3, 1, 0, 0, 'default', 422),
(380, 'gray_stained_glass_pane', 'Gray Stained Glass Pane', 0.3, 0.3, 1, 0, 0, 'default', 423),
(381, 'light_gray_stained_glass_pane', 'Light Gray Stained Glass Pane', 0.3, 0.3, 1, 0, 0, 'default', 424),
(382, 'cyan_stained_glass_pane', 'Cyan Stained Glass Pane', 0.3, 0.3, 1, 0, 0, 'default', 425),
(383, 'purple_stained_glass_pane', 'Purple Stained Glass Pane', 0.3, 0.3, 1, 0, 0, 'default', 426),
(384, 'blue_stained_glass_pane', 'Blue Stained Glass Pane', 0.3, 0.3, 1, 0, 0, 'default', 427),
(385, 'brown_stained_glass_pane', 'Brown Stained Glass Pane', 0.3, 0.3, 1, 0, 0, 'default', 428),
(386, 'green_stained_glass_pane', 'Green Stained Glass Pane', 0.3, 0.3, 1, 0, 0, 'default', 429),
(387, 'red_stained_glass_pane', 'Red Stained Glass Pane', 0.3, 0.3, 1, 0, 0, 'default', 430),
(388, 'black_stained_glass_pane', 'Black Stained Glass Pane', 0.3, 0.3, 1, 0, 0, 'default', 431),
(389, 'acacia_stairs', 'Acacia Stairs', 2, 3, 0, 0, 0, 'mineable/axe', 391),
(390, 'dark_oak_stairs', 'Dark Oak Stairs', 2, 3, 0, 0, 0, 'mineable/axe', 392),
(391, 'slime_block', 'Slime Block', 0, 0, 1, 1, 0, 'default', 592),
(392, 'barrier', 'Barrier', NULL, 3600000, 1, 0, 0, 'default', 370),
(393, 'light', 'Light', NULL, 3600000, 1, 0, 15, 'default', 371),
(394, 'iron_trapdoor', 'Iron Trapdoor', 5, 5, 1, 0, 0, 'mineable/pickaxe', 640),
(395, 'prismarine', 'Prismarine', 1.5, 6, 0, 15, 0, 'mineable/pickaxe', 432),
(396, 'prismarine_bricks', 'Prismarine Bricks', 1.5, 6, 0, 15, 0, 'mineable/pickaxe', 433),
(397, 'dark_prismarine', 'Dark Prismarine', 1.5, 6, 0, 15, 0, 'mineable/pickaxe', 434),
(398, 'prismarine_stairs', 'Prismarine Stairs', 1.5, 6, 0, 0, 0, 'mineable/pickaxe', 435),
(399, 'prismarine_brick_stairs', 'Prismarine Brick Stairs', 1.5, 6, 0, 0, 0, 'mineable/pickaxe', 436),
(400, 'dark_prismarine_stairs', 'Dark Prismarine Stairs', 1.5, 6, 0, 0, 0, 'mineable/pickaxe', 437),
(401, 'prismarine_slab', 'Prismarine Slab', 1.5, 6, 0, 0, 0, 'mineable/pickaxe', 225),
(402, 'prismarine_brick_slab', 'Prismarine Brick Slab', 1.5, 6, 0, 0, 0, 'mineable/pickaxe', 226),
(403, 'dark_prismarine_slab', 'Dark Prismarine Slab', 1.5, 6, 0, 0, 0, 'mineable/pickaxe', 227),
(404, 'sea_lantern', 'Sea Lantern', 0.3, 0.3, 0, 15, 15, 'default', 438),
(405, 'hay_block', 'Hay Bale', 0.5, 0.5, 0, 15, 0, 'mineable/hoe', 372),
(406, 'white_carpet', 'White Carpet', 0.1, 0.1, 0, 0, 0, 'default', 373),
(407, 'orange_carpet', 'Orange Carpet', 0.1, 0.1, 0, 0, 0, 'default', 374),
(408, 'magenta_carpet', 'Magenta Carpet', 0.1, 0.1, 0, 0, 0, 'default', 375),
(409, 'light_blue_carpet', 'Light Blue Carpet', 0.1, 0.1, 0, 0, 0, 'default', 376),
(410, 'yellow_carpet', 'Yellow Carpet', 0.1, 0.1, 0, 0, 0, 'default', 377),
(411, 'lime_carpet', 'Lime Carpet', 0.1, 0.1, 0, 0, 0, 'default', 378),
(412, 'pink_carpet', 'Pink Carpet', 0.1, 0.1, 0, 0, 0, 'default', 379),
(413, 'gray_carpet', 'Gray Carpet', 0.1, 0.1, 0, 0, 0, 'default', 380),
(414, 'light_gray_carpet', 'Light Gray Carpet', 0.1, 0.1, 0, 0, 0, 'default', 381),
(415, 'cyan_carpet', 'Cyan Carpet', 0.1, 0.1, 0, 0, 0, 'default', 382),
(416, 'purple_carpet', 'Purple Carpet', 0.1, 0.1, 0, 0, 0, 'default', 383),
(417, 'blue_carpet', 'Blue Carpet', 0.1, 0.1, 0, 0, 0, 'default', 384),
(418, 'brown_carpet', 'Brown Carpet', 0.1, 0.1, 0, 0, 0, 'default', 385),
(419, 'green_carpet', 'Green Carpet', 0.1, 0.1, 0, 0, 0, 'default', 386),
(420, 'red_carpet', 'Red Carpet', 0.1, 0.1, 0, 0, 0, 'default', 387),
(421, 'black_carpet', 'Black Carpet', 0.1, 0.1, 0, 0, 0, 'default', 388),
(422, 'terracotta', 'Terracotta', 1.25, 4.2, 0, 15, 0, 'mineable/pickaxe', 389),
(423, 'coal_block', 'Block of Coal', 5, 6, 0, 15, 0, 'mineable/pickaxe', 59),
(424, 'packed_ice', 'Packed Ice', 0.5, 0.5, 0, 15, 0, 'mineable/pickaxe', 390),
(425, 'sunflower', 'Sunflower', 0, 0, 1, 0, 0, 'plant;mineable/axe', 394),
(426, 'lilac', 'Lilac', 0, 0, 1, 0, 0, 'plant;mineable/axe', 395),
(427, 'rose_bush', 'Rose Bush', 0, 0, 1, 0, 0, 'plant;mineable/axe', 396),
(428, 'peony', 'Peony', 0, 0, 1, 0, 0, 'plant;mineable/axe', 397),
(429, 'tall_grass', 'Tall Grass', 0, 0, 1, 0, 0, 'plant;mineable/axe', 398),
(430, 'large_fern', 'Large Fern', 0, 0, 1, 0, 0, 'plant;mineable/axe', 399),
(431, 'white_banner', 'White Banner', 1, 1, 1, 0, 0, 'mineable/axe', 982),
(432, 'orange_banner', 'Orange Banner', 1, 1, 1, 0, 0, 'mineable/axe', 983),
(433, 'magenta_banner', 'Magenta Banner', 1, 1, 1, 0, 0, 'mineable/axe', 984),
(434, 'light_blue_banner', 'Light Blue Banner', 1, 1, 1, 0, 0, 'mineable/axe', 985),
(435, 'yellow_banner', 'Yellow Banner', 1, 1, 1, 0, 0, 'mineable/axe', 986),
(436, 'lime_banner', 'Lime Banner', 1, 1, 1, 0, 0, 'mineable/axe', 987),
(437, 'pink_banner', 'Pink Banner', 1, 1, 1, 0, 0, 'mineable/axe', 988),
(438, 'gray_banner', 'Gray Banner', 1, 1, 1, 0, 0, 'mineable/axe', 989),
(439, 'light_gray_banner', 'Light Gray Banner', 1, 1, 1, 0, 0, 'mineable/axe', 990),
(440, 'cyan_banner', 'Cyan Banner', 1, 1, 1, 0, 0, 'mineable/axe', 991),
(441, 'purple_banner', 'Purple Banner', 1, 1, 1, 0, 0, 'mineable/axe', 992),
(442, 'blue_banner', 'Blue Banner', 1, 1, 1, 0, 0, 'mineable/axe', 993),
(443, 'brown_banner', 'Brown Banner', 1, 1, 1, 0, 0, 'mineable/axe', 994),
(444, 'green_banner', 'Green Banner', 1, 1, 1, 0, 0, 'mineable/axe', 995),
(445, 'red_banner', 'Red Banner', 1, 1, 1, 0, 0, 'mineable/axe', 996),
(446, 'black_banner', 'Black Banner', 1, 1, 1, 0, 0, 'mineable/axe', 997),
(447, 'white_wall_banner', 'White wall banner', 1, 1, 1, 0, 0, 'mineable/axe', NULL),
(448, 'orange_wall_banner', 'Orange wall banner', 1, 1, 1, 0, 0, 'mineable/axe', NULL),
(449, 'magenta_wall_banner', 'Magenta wall banner', 1, 1, 1, 0, 0, 'mineable/axe', NULL),
(450, 'light_blue_wall_banner', 'Light blue wall banner', 1, 1, 1, 0, 0, 'mineable/axe', NULL),
(451, 'yellow_wall_banner', 'Yellow wall banner', 1, 1, 1, 0, 0, 'mineable/axe', NULL),
(452, 'lime_wall_banner', 'Lime wall banner', 1, 1, 1, 0, 0, 'mineable/axe', NULL),
(453, 'pink_wall_banner', 'Pink wall banner', 1, 1, 1, 0, 0, 'mineable/axe', NULL),
(454, 'gray_wall_banner', 'Gray wall banner', 1, 1, 1, 0, 0, 'mineable/axe', NULL),
(455, 'light_gray_wall_banner', 'Light gray wall banner', 1, 1, 1, 0, 0, 'mineable/axe', NULL),
(456, 'cyan_wall_banner', 'Cyan wall banner', 1, 1, 1, 0, 0, 'mineable/axe', NULL),
(457, 'purple_wall_banner', 'Purple wall banner', 1, 1, 1, 0, 0, 'mineable/axe', NULL),
(458, 'blue_wall_banner', 'Blue wall banner', 1, 1, 1, 0, 0, 'mineable/axe', NULL),
(459, 'brown_wall_banner', 'Brown wall banner', 1, 1, 1, 0, 0, 'mineable/axe', NULL),
(460, 'green_wall_banner', 'Green wall banner', 1, 1, 1, 0, 0, 'mineable/axe', NULL),
(461, 'red_wall_banner', 'Red wall banner', 1, 1, 1, 0, 0, 'mineable/axe', NULL),
(462, 'black_wall_banner', 'Black wall banner', 1, 1, 1, 0, 0, 'mineable/axe', NULL),
(463, 'red_sandstone', 'Red Sandstone', 0.8, 0.8, 0, 15, 0, 'mineable/pickaxe', 439),
(464, 'chiseled_red_sandstone', 'Chiseled Red Sandstone', 0.8, 0.8, 0, 15, 0, 'mineable/pickaxe', 440),
(465, 'cut_red_sandstone', 'Cut Red Sandstone', 0.8, 0.8, 0, 15, 0, 'mineable/pickaxe', 441),
(466, 'red_sandstone_stairs', 'Red Sandstone Stairs', 0.8, 0.8, 0, 0, 0, 'mineable/pickaxe', 442),
(467, 'oak_slab', 'Oak Slab', 2, 3, 0, 0, 0, 'mineable/axe', 204),
(468, 'spruce_slab', 'Spruce Slab', 2, 3, 0, 0, 0, 'mineable/axe', 205),
(469, 'birch_slab', 'Birch Slab', 2, 3, 0, 0, 0, 'mineable/axe', 206),
(470, 'jungle_slab', 'Jungle Slab', 2, 3, 0, 0, 0, 'mineable/axe', 207),
(471, 'acacia_slab', 'Acacia Slab', 2, 3, 0, 0, 0, 'mineable/axe', 208),
(472, 'dark_oak_slab', 'Dark Oak Slab', 2, 3, 0, 0, 0, 'mineable/axe', 209),
(473, 'stone_slab', 'Stone Slab', 2, 6, 0, 0, 0, 'mineable/pickaxe', 212),
(474, 'smooth_stone_slab', 'Smooth Stone Slab', 2, 6, 0, 0, 0, 'mineable/pickaxe', 213),
(475, 'sandstone_slab', 'Sandstone Slab', 2, 6, 0, 0, 0, 'mineable/pickaxe', 214),
(476, 'cut_sandstone_slab', 'Cut Sandstone Slab', 2, 6, 0, 0, 0, 'mineable/pickaxe', 215),
(477, 'petrified_oak_slab', 'Petrified Oak Slab', 2, 6, 0, 0, 0, 'mineable/pickaxe', 216),
(478, 'cobblestone_slab', 'Cobblestone Slab', 2, 6, 0, 0, 0, 'mineable/pickaxe', 217),
(479, 'brick_slab', 'Brick Slab', 2, 6, 0, 0, 0, 'mineable/pickaxe', 218),
(480, 'stone_brick_slab', 'Stone Brick Slab', 2, 6, 0, 0, 0, 'mineable/pickaxe', 219),
(481, 'nether_brick_slab', 'Nether Brick Slab', 2, 6, 0, 0, 0, 'mineable/pickaxe', 220),
(482, 'quartz_slab', 'Quartz Slab', 2, 6, 0, 0, 0, 'mineable/pickaxe', 221),
(483, 'red_sandstone_slab', 'Red Sandstone Slab', 2, 6, 0, 0, 0, 'mineable/pickaxe', 222),
(484, 'cut_red_sandstone_slab', 'Cut Red Sandstone Slab', 2, 6, 0, 0, 0, 'mineable/pickaxe', 223),
(485, 'purpur_slab', 'Purpur Slab', 2, 6, 0, 0, 0, 'mineable/pickaxe', 224),
(486, 'smooth_stone', 'Smooth Stone', 2, 6, 0, 15, 0, 'mineable/pickaxe', 231),
(487, 'smooth_sandstone', 'Smooth Sandstone', 2, 6, 0, 15, 0, 'mineable/pickaxe', 230),
(488, 'smooth_quartz', 'Smooth Quartz Block', 2, 6, 0, 15, 0, 'mineable/pickaxe', 228),
(489, 'smooth_red_sandstone', 'Smooth Red Sandstone', 2, 6, 0, 15, 0, 'mineable/pickaxe', 229),
(490, 'spruce_fence_gate', 'Spruce Fence Gate', 2, 3, 0, 0, 0, 'mineable/axe', 650),
(491, 'birch_fence_gate', 'Birch Fence Gate', 2, 3, 0, 0, 0, 'mineable/axe', 651),
(492, 'jungle_fence_gate', 'Jungle Fence Gate', 2, 3, 0, 0, 0, 'mineable/axe', 652),
(493, 'acacia_fence_gate', 'Acacia Fence Gate', 2, 3, 0, 0, 0, 'mineable/axe', 653),
(494, 'dark_oak_fence_gate', 'Dark Oak Fence Gate', 2, 3, 0, 0, 0, 'mineable/axe', 654),
(495, 'spruce_fence', 'Spruce Fence', 2, 3, 0, 0, 0, 'mineable/axe', 258),
(496, 'birch_fence', 'Birch Fence', 2, 3, 0, 0, 0, 'mineable/axe', 259),
(497, 'jungle_fence', 'Jungle Fence', 2, 3, 0, 0, 0, 'mineable/axe', 260),
(498, 'acacia_fence', 'Acacia Fence', 2, 3, 0, 0, 0, 'mineable/axe', 261),
(499, 'dark_oak_fence', 'Dark Oak Fence', 2, 3, 0, 0, 0, 'mineable/axe', 262),
(500, 'spruce_door', 'Spruce Door', 3, 3, 1, 0, 0, 'mineable/axe', 633),
(501, 'birch_door', 'Birch Door', 3, 3, 1, 0, 0, 'mineable/axe', 634),
(502, 'jungle_door', 'Jungle Door', 3, 3, 1, 0, 0, 'mineable/axe', 635),
(503, 'acacia_door', 'Acacia Door', 3, 3, 1, 0, 0, 'mineable/axe', 636),
(504, 'dark_oak_door', 'Dark Oak Door', 3, 3, 1, 0, 0, 'mineable/axe', 637),
(505, 'end_rod', 'End Rod', 0, 0, 1, 0, 14, 'default', 237),
(506, 'chorus_plant', 'Chorus Plant', 0.4, 0.4, 1, 1, 0, 'plant;mineable/axe', 238),
(507, 'chorus_flower', 'Chorus Flower', 0.4, 0.4, 1, 1, 0, 'plant;mineable/axe', 239),
(508, 'purpur_block', 'Purpur Block', 1.5, 6, 0, 15, 0, 'mineable/pickaxe', 240),
(509, 'purpur_pillar', 'Purpur Pillar', 1.5, 6, 0, 15, 0, 'mineable/pickaxe', 241),
(510, 'purpur_stairs', 'Purpur Stairs', 1.5, 6, 0, 0, 0, 'mineable/pickaxe', 242),
(511, 'end_stone_bricks', 'End Stone Bricks', 3, 9, 0, 15, 0, 'mineable/pickaxe', 313),
(512, 'beetroots', 'Beetroots', 0, 0, 1, 0, 0, 'plant;mineable/axe', NULL),
(513, 'dirt_path', 'Dirt Path', 0.65, 0.65, 0, 0, 0, 'mineable/shovel', 393),
(514, 'end_gateway', 'End Gateway', NULL, 3600000, 1, 1, 15, 'default', NULL),
(515, 'repeating_command_block', 'Repeating Command Block', NULL, 3600000, 0, 15, 0, 'default', 443),
(516, 'chain_command_block', 'Chain Command Block', NULL, 3600000, 0, 15, 0, 'default', 444),
(517, 'frosted_ice', 'Frosted Ice', 0.5, 0.5, 1, 1, 0, 'default', NULL),
(518, 'magma_block', 'Magma Block', 0.5, 0.5, 0, 15, 3, 'mineable/pickaxe', 445),
(519, 'nether_wart_block', 'Nether Wart Block', 1, 1, 0, 15, 0, 'mineable/hoe', 446),
(520, 'red_nether_bricks', 'Red Nether Bricks', 2, 6, 0, 15, 0, 'mineable/pickaxe', 448),
(521, 'bone_block', 'Bone Block', 2, 2, 0, 15, 0, 'mineable/pickaxe', 449),
(522, 'structure_void', 'Structure Void', 0, 0, 1, 0, 0, 'default', 450),
(523, 'observer', 'Observer', 3, 3, 0, 15, 0, 'mineable/pickaxe', 594),
(524, 'shulker_box', 'Shulker Box', 2, 2, 1, 1, 0, 'mineable/pickaxe', 451),
(525, 'white_shulker_box', 'White Shulker Box', 2, 2, 1, 1, 0, 'mineable/pickaxe', 452),
(526, 'orange_shulker_box', 'Orange Shulker Box', 2, 2, 1, 1, 0, 'mineable/pickaxe', 453),
(527, 'magenta_shulker_box', 'Magenta Shulker Box', 2, 2, 1, 1, 0, 'mineable/pickaxe', 454),
(528, 'light_blue_shulker_box', 'Light Blue Shulker Box', 2, 2, 1, 1, 0, 'mineable/pickaxe', 455),
(529, 'yellow_shulker_box', 'Yellow Shulker Box', 2, 2, 1, 1, 0, 'mineable/pickaxe', 456),
(530, 'lime_shulker_box', 'Lime Shulker Box', 2, 2, 1, 1, 0, 'mineable/pickaxe', 457),
(531, 'pink_shulker_box', 'Pink Shulker Box', 2, 2, 1, 1, 0, 'mineable/pickaxe', 458),
(532, 'gray_shulker_box', 'Gray Shulker Box', 2, 2, 1, 1, 0, 'mineable/pickaxe', 459),
(533, 'light_gray_shulker_box', 'Light Gray Shulker Box', 2, 2, 1, 1, 0, 'mineable/pickaxe', 460),
(534, 'cyan_shulker_box', 'Cyan Shulker Box', 2, 2, 1, 1, 0, 'mineable/pickaxe', 461),
(535, 'purple_shulker_box', 'Purple Shulker Box', 2, 2, 1, 1, 0, 'mineable/pickaxe', 462),
(536, 'blue_shulker_box', 'Blue Shulker Box', 2, 2, 1, 1, 0, 'mineable/pickaxe', 463),
(537, 'brown_shulker_box', 'Brown Shulker Box', 2, 2, 1, 1, 0, 'mineable/pickaxe', 464),
(538, 'green_shulker_box', 'Green Shulker Box', 2, 2, 1, 1, 0, 'mineable/pickaxe', 465),
(539, 'red_shulker_box', 'Red Shulker Box', 2, 2, 1, 1, 0, 'mineable/pickaxe', 466),
(540, 'black_shulker_box', 'Black Shulker Box', 2, 2, 1, 1, 0, 'mineable/pickaxe', 467),
(541, 'white_glazed_terracotta', 'White Glazed Terracotta', 1.4, 1.4, 0, 15, 0, 'mineable/pickaxe', 468),
(542, 'orange_glazed_terracotta', 'Orange Glazed Terracotta', 1.4, 1.4, 0, 15, 0, 'mineable/pickaxe', 469),
(543, 'magenta_glazed_terracotta', 'Magenta Glazed Terracotta', 1.4, 1.4, 0, 15, 0, 'mineable/pickaxe', 470),
(544, 'light_blue_glazed_terracotta', 'Light Blue Glazed Terracotta', 1.4, 1.4, 0, 15, 0, 'mineable/pickaxe', 471),
(545, 'yellow_glazed_terracotta', 'Yellow Glazed Terracotta', 1.4, 1.4, 0, 15, 0, 'mineable/pickaxe', 472),
(546, 'lime_glazed_terracotta', 'Lime Glazed Terracotta', 1.4, 1.4, 0, 15, 0, 'mineable/pickaxe', 473),
(547, 'pink_glazed_terracotta', 'Pink Glazed Terracotta', 1.4, 1.4, 0, 15, 0, 'mineable/pickaxe', 474),
(548, 'gray_glazed_terracotta', 'Gray Glazed Terracotta', 1.4, 1.4, 0, 15, 0, 'mineable/pickaxe', 475),
(549, 'light_gray_glazed_terracotta', 'Light Gray Glazed Terracotta', 1.4, 1.4, 0, 15, 0, 'mineable/pickaxe', 476),
(550, 'cyan_glazed_terracotta', 'Cyan Glazed Terracotta', 1.4, 1.4, 0, 15, 0, 'mineable/pickaxe', 477),
(551, 'purple_glazed_terracotta', 'Purple Glazed Terracotta', 1.4, 1.4, 0, 15, 0, 'mineable/pickaxe', 478),
(552, 'blue_glazed_terracotta', 'Blue Glazed Terracotta', 1.4, 1.4, 0, 15, 0, 'mineable/pickaxe', 479),
(553, 'brown_glazed_terracotta', 'Brown Glazed Terracotta', 1.4, 1.4, 0, 15, 0, 'mineable/pickaxe', 480),
(554, 'green_glazed_terracotta', 'Green Glazed Terracotta', 1.4, 1.4, 0, 15, 0, 'mineable/pickaxe', 481),
(555, 'red_glazed_terracotta', 'Red Glazed Terracotta', 1.4, 1.4, 0, 15, 0, 'mineable/pickaxe', 482),
(556, 'black_glazed_terracotta', 'Black Glazed Terracotta', 1.4, 1.4, 0, 15, 0, 'mineable/pickaxe', 483),
(557, 'white_concrete', 'White Concrete', 1.8, 1.8, 0, 15, 0, 'mineable/pickaxe', 484),
(558, 'orange_concrete', 'Orange Concrete', 1.8, 1.8, 0, 15, 0, 'mineable/pickaxe', 485),
(559, 'magenta_concrete', 'Magenta Concrete', 1.8, 1.8, 0, 15, 0, 'mineable/pickaxe', 486),
(560, 'light_blue_concrete', 'Light Blue Concrete', 1.8, 1.8, 0, 15, 0, 'mineable/pickaxe', 487),
(561, 'yellow_concrete', 'Yellow Concrete', 1.8, 1.8, 0, 15, 0, 'mineable/pickaxe', 488),
(562, 'lime_concrete', 'Lime Concrete', 1.8, 1.8, 0, 15, 0, 'mineable/pickaxe', 489),
(563, 'pink_concrete', 'Pink Concrete', 1.8, 1.8, 0, 15, 0, 'mineable/pickaxe', 490),
(564, 'gray_concrete', 'Gray Concrete', 1.8, 1.8, 0, 15, 0, 'mineable/pickaxe', 491),
(565, 'light_gray_concrete', 'Light Gray Concrete', 1.8, 1.8, 0, 15, 0, 'mineable/pickaxe', 492),
(566, 'cyan_concrete', 'Cyan Concrete', 1.8, 1.8, 0, 15, 0, 'mineable/pickaxe', 493),
(567, 'purple_concrete', 'Purple Concrete', 1.8, 1.8, 0, 15, 0, 'mineable/pickaxe', 494),
(568, 'blue_concrete', 'Blue Concrete', 1.8, 1.8, 0, 15, 0, 'mineable/pickaxe', 495),
(569, 'brown_concrete', 'Brown Concrete', 1.8, 1.8, 0, 15, 0, 'mineable/pickaxe', 496),
(570, 'green_concrete', 'Green Concrete', 1.8, 1.8, 0, 15, 0, 'mineable/pickaxe', 497),
(571, 'red_concrete', 'Red Concrete', 1.8, 1.8, 0, 15, 0, 'mineable/pickaxe', 498),
(572, 'black_concrete', 'Black Concrete', 1.8, 1.8, 0, 15, 0, 'mineable/pickaxe', 499),
(573, 'white_concrete_powder', 'White Concrete Powder', 0.5, 0.5, 0, 15, 0, 'mineable/shovel', 500),
(574, 'orange_concrete_powder', 'Orange Concrete Powder', 0.5, 0.5, 0, 15, 0, 'mineable/shovel', 501),
(575, 'magenta_concrete_powder', 'Magenta Concrete Powder', 0.5, 0.5, 0, 15, 0, 'mineable/shovel', 502),
(576, 'light_blue_concrete_powder', 'Light Blue Concrete Powder', 0.5, 0.5, 0, 15, 0, 'mineable/shovel', 503),
(577, 'yellow_concrete_powder', 'Yellow Concrete Powder', 0.5, 0.5, 0, 15, 0, 'mineable/shovel', 504),
(578, 'lime_concrete_powder', 'Lime Concrete Powder', 0.5, 0.5, 0, 15, 0, 'mineable/shovel', 505),
(579, 'pink_concrete_powder', 'Pink Concrete Powder', 0.5, 0.5, 0, 15, 0, 'mineable/shovel', 506),
(580, 'gray_concrete_powder', 'Gray Concrete Powder', 0.5, 0.5, 0, 15, 0, 'mineable/shovel', 507),
(581, 'light_gray_concrete_powder', 'Light Gray Concrete Powder', 0.5, 0.5, 0, 15, 0, 'mineable/shovel', 508),
(582, 'cyan_concrete_powder', 'Cyan Concrete Powder', 0.5, 0.5, 0, 15, 0, 'mineable/shovel', 509),
(583, 'purple_concrete_powder', 'Purple Concrete Powder', 0.5, 0.5, 0, 15, 0, 'mineable/shovel', 510),
(584, 'blue_concrete_powder', 'Blue Concrete Powder', 0.5, 0.5, 0, 15, 0, 'mineable/shovel', 511),
(585, 'brown_concrete_powder', 'Brown Concrete Powder', 0.5, 0.5, 0, 15, 0, 'mineable/shovel', 512),
(586, 'green_concrete_powder', 'Green Concrete Powder', 0.5, 0.5, 0, 15, 0, 'mineable/shovel', 513),
(587, 'red_concrete_powder', 'Red Concrete Powder', 0.5, 0.5, 0, 15, 0, 'mineable/shovel', 514),
(588, 'black_concrete_powder', 'Black Concrete Powder', 0.5, 0.5, 0, 15, 0, 'mineable/shovel', 515),
(589, 'kelp', 'Kelp', 0, 0, 1, 1, 0, 'default', 197),
(590, 'kelp_plant', 'Kelp Plant', 0, 0, 1, 1, 0, 'default', NULL),
(591, 'dried_kelp_block', 'Dried Kelp Block', 0.5, 2.5, 0, 15, 0, 'mineable/hoe', 790),
(592, 'turtle_egg', 'Turtle Egg', 0.5, 0.5, 1, 0, 0, 'default', 516),
(593, 'dead_tube_coral_block', 'Dead Tube Coral Block', 1.5, 6, 0, 15, 0, 'mineable/pickaxe', 517),
(594, 'dead_brain_coral_block', 'Dead Brain Coral Block', 1.5, 6, 0, 15, 0, 'mineable/pickaxe', 518),
(595, 'dead_bubble_coral_block', 'Dead Bubble Coral Block', 1.5, 6, 0, 15, 0, 'mineable/pickaxe', 519),
(596, 'dead_fire_coral_block', 'Dead Fire Coral Block', 1.5, 6, 0, 15, 0, 'mineable/pickaxe', 520),
(597, 'dead_horn_coral_block', 'Dead Horn Coral Block', 1.5, 6, 0, 15, 0, 'mineable/pickaxe', 521),
(598, 'tube_coral_block', 'Tube Coral Block', 1.5, 6, 0, 15, 0, 'mineable/pickaxe', 522),
(599, 'brain_coral_block', 'Brain Coral Block', 1.5, 6, 0, 15, 0, 'mineable/pickaxe', 523),
(600, 'bubble_coral_block', 'Bubble Coral Block', 1.5, 6, 0, 15, 0, 'mineable/pickaxe', 524),
(601, 'fire_coral_block', 'Fire Coral Block', 1.5, 6, 0, 15, 0, 'mineable/pickaxe', 525),
(602, 'horn_coral_block', 'Horn Coral Block', 1.5, 6, 0, 15, 0, 'mineable/pickaxe', 526),
(603, 'dead_tube_coral', 'Dead Tube Coral', 0, 0, 1, 1, 0, 'mineable/pickaxe', 536),
(604, 'dead_brain_coral', 'Dead Brain Coral', 0, 0, 1, 1, 0, 'mineable/pickaxe', 532),
(605, 'dead_bubble_coral', 'Dead Bubble Coral', 0, 0, 1, 1, 0, 'mineable/pickaxe', 533),
(606, 'dead_fire_coral', 'Dead Fire Coral', 0, 0, 1, 1, 0, 'mineable/pickaxe', 534),
(607, 'dead_horn_coral', 'Dead Horn Coral', 0, 0, 1, 1, 0, 'mineable/pickaxe', 535),
(608, 'tube_coral', 'Tube Coral', 0, 0, 1, 1, 0, 'default', 527),
(609, 'brain_coral', 'Brain Coral', 0, 0, 1, 1, 0, 'default', 528),
(610, 'bubble_coral', 'Bubble Coral', 0, 0, 1, 1, 0, 'default', 529),
(611, 'fire_coral', 'Fire Coral', 0, 0, 1, 1, 0, 'default', 530),
(612, 'horn_coral', 'Horn Coral', 0, 0, 1, 1, 0, 'default', 531),
(613, 'dead_tube_coral_fan', 'Dead Tube Coral Fan', 0, 0, 1, 1, 0, 'mineable/pickaxe', 542),
(614, 'dead_brain_coral_fan', 'Dead Brain Coral Fan', 0, 0, 1, 1, 0, 'mineable/pickaxe', 543),
(615, 'dead_bubble_coral_fan', 'Dead Bubble Coral Fan', 0, 0, 1, 1, 0, 'mineable/pickaxe', 544),
(616, 'dead_fire_coral_fan', 'Dead Fire Coral Fan', 0, 0, 1, 1, 0, 'mineable/pickaxe', 545),
(617, 'dead_horn_coral_fan', 'Dead Horn Coral Fan', 0, 0, 1, 1, 0, 'mineable/pickaxe', 546),
(618, 'tube_coral_fan', 'Tube Coral Fan', 0, 0, 1, 1, 0, 'default', 537);
INSERT INTO `block` (`id`, `name`, `display_name`, `hardness`, `resistance`, `transparent`, `filter_light`, `emit_light`, `material`, `item_id`) VALUES
(619, 'brain_coral_fan', 'Brain Coral Fan', 0, 0, 1, 1, 0, 'default', 538),
(620, 'bubble_coral_fan', 'Bubble Coral Fan', 0, 0, 1, 1, 0, 'default', 539),
(621, 'fire_coral_fan', 'Fire Coral Fan', 0, 0, 1, 1, 0, 'default', 540),
(622, 'horn_coral_fan', 'Horn Coral Fan', 0, 0, 1, 1, 0, 'default', 541),
(623, 'dead_tube_coral_wall_fan', 'Dead Tube Coral Wall Fan', 0, 0, 1, 1, 0, 'mineable/pickaxe', NULL),
(624, 'dead_brain_coral_wall_fan', 'Dead Brain Coral Wall Fan', 0, 0, 1, 1, 0, 'mineable/pickaxe', NULL),
(625, 'dead_bubble_coral_wall_fan', 'Dead Bubble Coral Wall Fan', 0, 0, 1, 1, 0, 'mineable/pickaxe', NULL),
(626, 'dead_fire_coral_wall_fan', 'Dead Fire Coral Wall Fan', 0, 0, 1, 1, 0, 'mineable/pickaxe', NULL),
(627, 'dead_horn_coral_wall_fan', 'Dead Horn Coral Wall Fan', 0, 0, 1, 1, 0, 'mineable/pickaxe', NULL),
(628, 'tube_coral_wall_fan', 'Tube Coral Wall Fan', 0, 0, 1, 1, 0, 'default', NULL),
(629, 'brain_coral_wall_fan', 'Brain Coral Wall Fan', 0, 0, 1, 1, 0, 'default', NULL),
(630, 'bubble_coral_wall_fan', 'Bubble Coral Wall Fan', 0, 0, 1, 1, 0, 'default', NULL),
(631, 'fire_coral_wall_fan', 'Fire Coral Wall Fan', 0, 0, 1, 1, 0, 'default', NULL),
(632, 'horn_coral_wall_fan', 'Horn Coral Wall Fan', 0, 0, 1, 1, 0, 'default', NULL),
(633, 'sea_pickle', 'Sea Pickle', 0, 0, 1, 1, 6, 'default', 156),
(634, 'blue_ice', 'Blue Ice', 2.8, 2.8, 0, 15, 0, 'mineable/pickaxe', 547),
(635, 'conduit', 'Conduit', 3, 3, 1, 1, 15, 'default', 548),
(636, 'bamboo_sapling', 'Bamboo Shoot', 1, 1, 1, 0, 0, 'default', NULL),
(637, 'bamboo', 'Bamboo', 1, 1, 1, 0, 0, 'mineable/axe', 203),
(638, 'potted_bamboo', 'Potted Bamboo', 0, 0, 1, 0, 0, 'default', NULL),
(639, 'void_air', 'Void Air', 0, 0, 1, 0, 0, 'default', NULL),
(640, 'cave_air', 'Cave Air', 0, 0, 1, 0, 0, 'default', NULL),
(641, 'bubble_column', 'Bubble Column', 0, 0, 1, 1, 0, 'default', NULL),
(642, 'polished_granite_stairs', 'Polished Granite Stairs', 1.5, 6, 0, 0, 0, 'mineable/pickaxe', 549),
(643, 'smooth_red_sandstone_stairs', 'Smooth Red Sandstone Stairs', 2, 6, 0, 0, 0, 'mineable/pickaxe', 550),
(644, 'mossy_stone_brick_stairs', 'Mossy Stone Brick Stairs', 1.5, 6, 0, 0, 0, 'mineable/pickaxe', 551),
(645, 'polished_diorite_stairs', 'Polished Diorite Stairs', 1.5, 6, 0, 0, 0, 'mineable/pickaxe', 552),
(646, 'mossy_cobblestone_stairs', 'Mossy Cobblestone Stairs', 2, 6, 0, 0, 0, 'mineable/pickaxe', 553),
(647, 'end_stone_brick_stairs', 'End Stone Brick Stairs', 3, 9, 0, 0, 0, 'mineable/pickaxe', 554),
(648, 'stone_stairs', 'Stone Stairs', 1.5, 6, 0, 0, 0, 'mineable/pickaxe', 555),
(649, 'smooth_sandstone_stairs', 'Smooth Sandstone Stairs', 2, 6, 0, 0, 0, 'mineable/pickaxe', 556),
(650, 'smooth_quartz_stairs', 'Smooth Quartz Stairs', 2, 6, 0, 0, 0, 'mineable/pickaxe', 557),
(651, 'granite_stairs', 'Granite Stairs', 1.5, 6, 0, 0, 0, 'mineable/pickaxe', 558),
(652, 'andesite_stairs', 'Andesite Stairs', 1.5, 6, 0, 0, 0, 'mineable/pickaxe', 559),
(653, 'red_nether_brick_stairs', 'Red Nether Brick Stairs', 2, 6, 0, 0, 0, 'mineable/pickaxe', 560),
(654, 'polished_andesite_stairs', 'Polished Andesite Stairs', 1.5, 6, 0, 0, 0, 'mineable/pickaxe', 561),
(655, 'diorite_stairs', 'Diorite Stairs', 1.5, 6, 0, 0, 0, 'mineable/pickaxe', 562),
(656, 'polished_granite_slab', 'Polished Granite Slab', 1.5, 6, 0, 0, 0, 'mineable/pickaxe', 567),
(657, 'smooth_red_sandstone_slab', 'Smooth Red Sandstone Slab', 2, 6, 0, 0, 0, 'mineable/pickaxe', 568),
(658, 'mossy_stone_brick_slab', 'Mossy Stone Brick Slab', 1.5, 6, 0, 0, 0, 'mineable/pickaxe', 569),
(659, 'polished_diorite_slab', 'Polished Diorite Slab', 1.5, 6, 0, 0, 0, 'mineable/pickaxe', 570),
(660, 'mossy_cobblestone_slab', 'Mossy Cobblestone Slab', 2, 6, 0, 0, 0, 'mineable/pickaxe', 571),
(661, 'end_stone_brick_slab', 'End Stone Brick Slab', 3, 9, 0, 0, 0, 'mineable/pickaxe', 572),
(662, 'smooth_sandstone_slab', 'Smooth Sandstone Slab', 2, 6, 0, 0, 0, 'mineable/pickaxe', 573),
(663, 'smooth_quartz_slab', 'Smooth Quartz Slab', 2, 6, 0, 0, 0, 'mineable/pickaxe', 574),
(664, 'granite_slab', 'Granite Slab', 1.5, 6, 0, 0, 0, 'mineable/pickaxe', 575),
(665, 'andesite_slab', 'Andesite Slab', 1.5, 6, 0, 0, 0, 'mineable/pickaxe', 576),
(666, 'red_nether_brick_slab', 'Red Nether Brick Slab', 2, 6, 0, 0, 0, 'mineable/pickaxe', 577),
(667, 'polished_andesite_slab', 'Polished Andesite Slab', 1.5, 6, 0, 0, 0, 'mineable/pickaxe', 578),
(668, 'diorite_slab', 'Diorite Slab', 1.5, 6, 0, 0, 0, 'mineable/pickaxe', 579),
(669, 'brick_wall', 'Brick Wall', 2, 6, 0, 0, 0, 'mineable/pickaxe', 327),
(670, 'prismarine_wall', 'Prismarine Wall', 1.5, 6, 0, 0, 0, 'mineable/pickaxe', 328),
(671, 'red_sandstone_wall', 'Red Sandstone Wall', 0.8, 0.8, 0, 0, 0, 'mineable/pickaxe', 329),
(672, 'mossy_stone_brick_wall', 'Mossy Stone Brick Wall', 1.5, 6, 0, 0, 0, 'mineable/pickaxe', 330),
(673, 'granite_wall', 'Granite Wall', 1.5, 6, 0, 0, 0, 'mineable/pickaxe', 331),
(674, 'stone_brick_wall', 'Stone Brick Wall', 1.5, 6, 0, 0, 0, 'mineable/pickaxe', 332),
(675, 'nether_brick_wall', 'Nether Brick Wall', 2, 6, 0, 0, 0, 'mineable/pickaxe', 333),
(676, 'andesite_wall', 'Andesite Wall', 1.5, 6, 0, 0, 0, 'mineable/pickaxe', 334),
(677, 'red_nether_brick_wall', 'Red Nether Brick Wall', 2, 6, 0, 0, 0, 'mineable/pickaxe', 335),
(678, 'sandstone_wall', 'Sandstone Wall', 0.8, 0.8, 0, 0, 0, 'mineable/pickaxe', 336),
(679, 'end_stone_brick_wall', 'End Stone Brick Wall', 3, 9, 0, 0, 0, 'mineable/pickaxe', 337),
(680, 'diorite_wall', 'Diorite Wall', 1.5, 6, 0, 0, 0, 'mineable/pickaxe', 338),
(681, 'scaffolding', 'Scaffolding', 0, 0, 1, 0, 0, 'mineable/axe', 584),
(682, 'loom', 'Loom', 2.5, 2.5, 0, 15, 0, 'mineable/axe', 1035),
(683, 'barrel', 'Barrel', 2.5, 2.5, 0, 15, 0, 'mineable/axe', 1043),
(684, 'smoker', 'Smoker', 3.5, 3.5, 0, 15, 0, 'mineable/pickaxe', 1044),
(685, 'blast_furnace', 'Blast Furnace', 3.5, 3.5, 0, 15, 0, 'mineable/pickaxe', 1045),
(686, 'cartography_table', 'Cartography Table', 2.5, 2.5, 0, 15, 0, 'mineable/axe', 1046),
(687, 'fletching_table', 'Fletching Table', 2.5, 2.5, 0, 15, 0, 'mineable/axe', 1047),
(688, 'grindstone', 'Grindstone', 2, 6, 0, 0, 0, 'mineable/pickaxe', 1048),
(689, 'lectern', 'Lectern', 2.5, 2.5, 0, 0, 0, 'mineable/axe', 598),
(690, 'smithing_table', 'Smithing Table', 2.5, 2.5, 0, 15, 0, 'mineable/axe', 1049),
(691, 'stonecutter', 'Stonecutter', 3.5, 3.5, 0, 0, 0, 'mineable/pickaxe', 1050),
(692, 'bell', 'Bell', 5, 5, 0, 0, 0, 'mineable/pickaxe', 1051),
(693, 'lantern', 'Lantern', 3.5, 3.5, 1, 0, 15, 'mineable/pickaxe', 1052),
(694, 'soul_lantern', 'Soul Lantern', 3.5, 3.5, 1, 0, 10, 'mineable/pickaxe', 1053),
(695, 'campfire', 'Campfire', 2, 2, 1, 0, 15, 'mineable/axe', 1056),
(696, 'soul_campfire', 'Soul Campfire', 2, 2, 1, 0, 10, 'mineable/axe', 1057),
(697, 'sweet_berry_bush', 'Sweet Berry Bush', 0, 0, 1, 0, 0, 'plant;mineable/axe', NULL),
(698, 'warped_stem', 'Warped Stem', 2, 2, 0, 15, 0, 'mineable/axe', 108),
(699, 'stripped_warped_stem', 'Stripped Warped Stem', 2, 2, 0, 15, 0, 'mineable/axe', 116),
(700, 'warped_hyphae', 'Warped Hyphae', 2, 2, 0, 15, 0, 'mineable/axe', 132),
(701, 'stripped_warped_hyphae', 'Stripped Warped Hyphae', 2, 2, 0, 15, 0, 'mineable/axe', 124),
(702, 'warped_nylium', 'Warped Nylium', 0.4, 0.4, 0, 15, 0, 'mineable/pickaxe', 20),
(703, 'warped_fungus', 'Warped Fungus', 0, 0, 1, 0, 0, 'plant;mineable/axe', 190),
(704, 'warped_wart_block', 'Warped Wart Block', 1, 1, 0, 15, 0, 'mineable/hoe', 447),
(705, 'warped_roots', 'Warped Roots', 0, 0, 1, 0, 0, 'default', 192),
(706, 'nether_sprouts', 'Nether Sprouts', 0, 0, 1, 0, 0, 'default', 193),
(707, 'crimson_stem', 'Crimson Stem', 2, 2, 0, 15, 0, 'mineable/axe', 107),
(708, 'stripped_crimson_stem', 'Stripped Crimson Stem', 2, 2, 0, 15, 0, 'mineable/axe', 115),
(709, 'crimson_hyphae', 'Crimson Hyphae', 2, 2, 0, 15, 0, 'mineable/axe', 131),
(710, 'stripped_crimson_hyphae', 'Stripped Crimson Hyphae', 2, 2, 0, 15, 0, 'mineable/axe', 123),
(711, 'crimson_nylium', 'Crimson Nylium', 0.4, 0.4, 0, 15, 0, 'mineable/pickaxe', 19),
(712, 'crimson_fungus', 'Crimson Fungus', 0, 0, 1, 0, 0, 'plant;mineable/axe', 189),
(713, 'shroomlight', 'Shroomlight', 1, 1, 0, 15, 15, 'mineable/hoe', 1058),
(714, 'weeping_vines', 'Weeping Vines', 0, 0, 1, 0, 0, 'plant;mineable/axe', 194),
(715, 'weeping_vines_plant', 'Weeping Vines Plant', 0, 0, 1, 0, 0, 'plant;mineable/axe', NULL),
(716, 'twisting_vines', 'Twisting Vines', 0, 0, 1, 0, 0, 'plant;mineable/axe', 195),
(717, 'twisting_vines_plant', 'Twisting Vines Plant', 0, 0, 1, 0, 0, 'plant;mineable/axe', NULL),
(718, 'crimson_roots', 'Crimson Roots', 0, 0, 1, 0, 0, 'default', 191),
(719, 'crimson_planks', 'Crimson Planks', 2, 3, 0, 15, 0, 'mineable/axe', 28),
(720, 'warped_planks', 'Warped Planks', 2, 3, 0, 15, 0, 'mineable/axe', 29),
(721, 'crimson_slab', 'Crimson Slab', 2, 3, 0, 0, 0, 'mineable/axe', 210),
(722, 'warped_slab', 'Warped Slab', 2, 3, 0, 0, 0, 'mineable/axe', 211),
(723, 'crimson_pressure_plate', 'Crimson Pressure Plate', 0.5, 0.5, 1, 0, 0, 'mineable/axe', 629),
(724, 'warped_pressure_plate', 'Warped Pressure Plate', 0.5, 0.5, 1, 0, 0, 'mineable/axe', 630),
(725, 'crimson_fence', 'Crimson Fence', 2, 3, 0, 0, 0, 'mineable/axe', 263),
(726, 'warped_fence', 'Warped Fence', 2, 3, 0, 0, 0, 'mineable/axe', 264),
(727, 'crimson_trapdoor', 'Crimson Trapdoor', 3, 3, 1, 0, 0, 'mineable/axe', 647),
(728, 'warped_trapdoor', 'Warped Trapdoor', 3, 3, 1, 0, 0, 'mineable/axe', 648),
(729, 'crimson_fence_gate', 'Crimson Fence Gate', 2, 3, 0, 0, 0, 'mineable/axe', 655),
(730, 'warped_fence_gate', 'Warped Fence Gate', 2, 3, 0, 0, 0, 'mineable/axe', 656),
(731, 'crimson_stairs', 'Crimson Stairs', 2, 3, 0, 0, 0, 'mineable/axe', 321),
(732, 'warped_stairs', 'Warped Stairs', 2, 3, 0, 0, 0, 'mineable/axe', 322),
(733, 'crimson_button', 'Crimson Button', 0.5, 0.5, 1, 0, 0, 'mineable/axe', 617),
(734, 'warped_button', 'Warped Button', 0.5, 0.5, 1, 0, 0, 'mineable/axe', 618),
(735, 'crimson_door', 'Crimson Door', 3, 3, 1, 0, 0, 'mineable/axe', 638),
(736, 'warped_door', 'Warped Door', 3, 3, 1, 0, 0, 'mineable/axe', 639),
(737, 'crimson_sign', 'Crimson Sign', 1, 1, 1, 0, 0, 'mineable/axe', 774),
(738, 'warped_sign', 'Warped Sign', 1, 1, 1, 0, 0, 'mineable/axe', 775),
(739, 'crimson_wall_sign', 'Crimson Wall Sign', 1, 1, 1, 0, 0, 'mineable/axe', NULL),
(740, 'warped_wall_sign', 'Warped Wall Sign', 1, 1, 1, 0, 0, 'mineable/axe', NULL),
(741, 'structure_block', 'Structure Block', NULL, 3600000, 0, 15, 0, 'default', 676),
(742, 'jigsaw', 'Jigsaw Block', NULL, 3600000, 0, 15, 0, 'default', 677),
(743, 'composter', 'Composter', 0.6, 0.6, 0, 0, 0, 'mineable/axe', 1042),
(744, 'target', 'Target', 0.5, 0.5, 0, 15, 0, 'mineable/hoe', 599),
(745, 'bee_nest', 'Bee Nest', 0.3, 0.3, 0, 15, 0, 'mineable/axe', 1060),
(746, 'beehive', 'Beehive', 0.6, 0.6, 0, 15, 0, 'mineable/axe', 1061),
(747, 'honey_block', 'Honey Block', 0, 0, 1, 1, 0, 'default', 593),
(748, 'honeycomb_block', 'Honeycomb Block', 0.6, 0.6, 0, 15, 0, 'default', 1063),
(749, 'netherite_block', 'Block of Netherite', 50, 1200, 0, 15, 0, 'mineable/pickaxe', 69),
(750, 'ancient_debris', 'Ancient Debris', 30, 1200, 0, 15, 0, 'mineable/pickaxe', 58),
(751, 'crying_obsidian', 'Crying Obsidian', 50, 1200, 0, 15, 10, 'mineable/pickaxe', 1065),
(752, 'respawn_anchor', 'Respawn Anchor', 50, 1200, 0, 15, 0, 'mineable/pickaxe', 1078),
(753, 'potted_crimson_fungus', 'Potted Crimson Fungus', 0, 0, 1, 0, 0, 'default', NULL),
(754, 'potted_warped_fungus', 'Potted Warped Fungus', 0, 0, 1, 0, 0, 'default', NULL),
(755, 'potted_crimson_roots', 'Potted Crimson Roots', 0, 0, 1, 0, 0, 'default', NULL),
(756, 'potted_warped_roots', 'Potted Warped Roots', 0, 0, 1, 0, 0, 'default', NULL),
(757, 'lodestone', 'Lodestone', 3.5, 3.5, 0, 15, 0, 'mineable/pickaxe', 1064),
(758, 'blackstone', 'Blackstone', 1.5, 6, 0, 15, 0, 'mineable/pickaxe', 1066),
(759, 'blackstone_stairs', 'Blackstone Stairs', 1.5, 6, 0, 0, 0, 'mineable/pickaxe', 1068),
(760, 'blackstone_wall', 'Blackstone Wall', 1.5, 6, 0, 0, 0, 'mineable/pickaxe', 339),
(761, 'blackstone_slab', 'Blackstone Slab', 2, 6, 0, 0, 0, 'mineable/pickaxe', 1067),
(762, 'polished_blackstone', 'Polished Blackstone', 2, 6, 0, 15, 0, 'mineable/pickaxe', 1070),
(763, 'polished_blackstone_bricks', 'Polished Blackstone Bricks', 1.5, 6, 0, 15, 0, 'mineable/pickaxe', 1074),
(764, 'cracked_polished_blackstone_bricks', 'Cracked Polished Blackstone Bricks', 1.5, 6, 0, 15, 0, 'mineable/pickaxe', 1077),
(765, 'chiseled_polished_blackstone', 'Chiseled Polished Blackstone', 1.5, 6, 0, 15, 0, 'mineable/pickaxe', 1073),
(766, 'polished_blackstone_brick_slab', 'Polished Blackstone Brick Slab', 2, 6, 0, 0, 0, 'mineable/pickaxe', 1075),
(767, 'polished_blackstone_brick_stairs', 'Polished Blackstone Brick Stairs', 1.5, 6, 0, 0, 0, 'mineable/pickaxe', 1076),
(768, 'polished_blackstone_brick_wall', 'Polished Blackstone Brick Wall', 1.5, 6, 0, 0, 0, 'mineable/pickaxe', 341),
(769, 'gilded_blackstone', 'Gilded Blackstone', 1.5, 6, 0, 15, 0, 'mineable/pickaxe', 1069),
(770, 'polished_blackstone_stairs', 'Polished Blackstone Stairs', 2, 6, 0, 0, 0, 'mineable/pickaxe', 1072),
(771, 'polished_blackstone_slab', 'Polished Blackstone Slab', 2, 6, 0, 0, 0, 'mineable/pickaxe', 1071),
(772, 'polished_blackstone_pressure_plate', 'Polished Blackstone Pressure Plate', 0.5, 0.5, 1, 0, 0, 'mineable/pickaxe', 620),
(773, 'polished_blackstone_button', 'Polished Blackstone Button', 0.5, 0.5, 1, 0, 0, 'default', 610),
(774, 'polished_blackstone_wall', 'Polished Blackstone Wall', 2, 6, 0, 0, 0, 'mineable/pickaxe', 340),
(775, 'chiseled_nether_bricks', 'Chiseled Nether Bricks', 2, 6, 0, 15, 0, 'mineable/pickaxe', 307),
(776, 'cracked_nether_bricks', 'Cracked Nether Bricks', 2, 6, 0, 15, 0, 'mineable/pickaxe', 306),
(777, 'quartz_bricks', 'Quartz Bricks', 0.8, 0.8, 0, 15, 0, 'mineable/pickaxe', 351),
(778, 'candle', 'Candle', 0.1, 0.1, 1, 0, 0, 'default', 1079),
(779, 'white_candle', 'White Candle', 0.1, 0.1, 1, 0, 0, 'default', 1080),
(780, 'orange_candle', 'Orange Candle', 0.1, 0.1, 1, 0, 0, 'default', 1081),
(781, 'magenta_candle', 'Magenta Candle', 0.1, 0.1, 1, 0, 0, 'default', 1082),
(782, 'light_blue_candle', 'Light Blue Candle', 0.1, 0.1, 1, 0, 0, 'default', 1083),
(783, 'yellow_candle', 'Yellow Candle', 0.1, 0.1, 1, 0, 0, 'default', 1084),
(784, 'lime_candle', 'Lime Candle', 0.1, 0.1, 1, 0, 0, 'default', 1085),
(785, 'pink_candle', 'Pink Candle', 0.1, 0.1, 1, 0, 0, 'default', 1086),
(786, 'gray_candle', 'Gray Candle', 0.1, 0.1, 1, 0, 0, 'default', 1087),
(787, 'light_gray_candle', 'Light Gray Candle', 0.1, 0.1, 1, 0, 0, 'default', 1088),
(788, 'cyan_candle', 'Cyan Candle', 0.1, 0.1, 1, 0, 0, 'default', 1089),
(789, 'purple_candle', 'Purple Candle', 0.1, 0.1, 1, 0, 0, 'default', 1090),
(790, 'blue_candle', 'Blue Candle', 0.1, 0.1, 1, 0, 0, 'default', 1091),
(791, 'brown_candle', 'Brown Candle', 0.1, 0.1, 1, 0, 0, 'default', 1092),
(792, 'green_candle', 'Green Candle', 0.1, 0.1, 1, 0, 0, 'default', 1093),
(793, 'red_candle', 'Red Candle', 0.1, 0.1, 1, 0, 0, 'default', 1094),
(794, 'black_candle', 'Black Candle', 0.1, 0.1, 1, 0, 0, 'default', 1095),
(795, 'candle_cake', 'Cake with Candle', 0, 0, 0, 0, 0, 'default', NULL),
(796, 'white_candle_cake', 'Cake with White Candle', 0, 0, 0, 0, 0, 'default', NULL),
(797, 'orange_candle_cake', 'Cake with Orange Candle', 0, 0, 0, 0, 0, 'default', NULL),
(798, 'magenta_candle_cake', 'Cake with Magenta Candle', 0, 0, 0, 0, 0, 'default', NULL),
(799, 'light_blue_candle_cake', 'Cake with Light Blue Candle', 0, 0, 0, 0, 0, 'default', NULL),
(800, 'yellow_candle_cake', 'Cake with Yellow Candle', 0, 0, 0, 0, 0, 'default', NULL),
(801, 'lime_candle_cake', 'Cake with Lime Candle', 0, 0, 0, 0, 0, 'default', NULL),
(802, 'pink_candle_cake', 'Cake with Pink Candle', 0, 0, 0, 0, 0, 'default', NULL),
(803, 'gray_candle_cake', 'Cake with Gray Candle', 0, 0, 0, 0, 0, 'default', NULL),
(804, 'light_gray_candle_cake', 'Cake with Light Gray Candle', 0, 0, 0, 0, 0, 'default', NULL),
(805, 'cyan_candle_cake', 'Cake with Cyan Candle', 0, 0, 0, 0, 0, 'default', NULL),
(806, 'purple_candle_cake', 'Cake with Purple Candle', 0, 0, 0, 0, 0, 'default', NULL),
(807, 'blue_candle_cake', 'Cake with Blue Candle', 0, 0, 0, 0, 0, 'default', NULL),
(808, 'brown_candle_cake', 'Cake with Brown Candle', 0, 0, 0, 0, 0, 'default', NULL),
(809, 'green_candle_cake', 'Cake with Green Candle', 0, 0, 0, 0, 0, 'default', NULL),
(810, 'red_candle_cake', 'Cake with Red Candle', 0, 0, 0, 0, 0, 'default', NULL),
(811, 'black_candle_cake', 'Cake with Black Candle', 0, 0, 0, 0, 0, 'default', NULL),
(812, 'amethyst_block', 'Block of Amethyst', 1.5, 1.5, 0, 15, 0, 'mineable/pickaxe', 63),
(813, 'budding_amethyst', 'Budding Amethyst', 1.5, 1.5, 0, 15, 0, 'mineable/pickaxe', 64),
(814, 'amethyst_cluster', 'Amethyst Cluster', 1.5, 1.5, 1, 0, 5, 'mineable/pickaxe', 1099),
(815, 'large_amethyst_bud', 'Large Amethyst Bud', 0, 0, 1, 0, 4, 'mineable/pickaxe', 1098),
(816, 'medium_amethyst_bud', 'Medium Amethyst Bud', 0, 0, 1, 0, 2, 'mineable/pickaxe', 1097),
(817, 'small_amethyst_bud', 'Small Amethyst Bud', 0, 0, 1, 0, 1, 'mineable/pickaxe', 1096),
(818, 'tuff', 'Tuff', 1.5, 6, 0, 15, 0, 'mineable/pickaxe', 12),
(819, 'calcite', 'Calcite', 0.75, 0.75, 0, 15, 0, 'mineable/pickaxe', 11),
(820, 'tinted_glass', 'Tinted Glass', 0, 0, 1, 15, 0, 'default', 144),
(821, 'powder_snow', 'Powder Snow', 0.25, 0.25, 0, 1, 0, 'default', NULL),
(822, 'sculk_sensor', 'Sculk Sensor', 1.5, 1.5, 0, 0, 1, 'mineable/hoe', 603),
(823, 'oxidized_copper', 'Oxidized Copper', 3, 6, 0, 15, 0, 'mineable/pickaxe', 72),
(824, 'weathered_copper', 'Weathered Copper', 3, 6, 0, 15, 0, 'mineable/pickaxe', 71),
(825, 'exposed_copper', 'Exposed Copper', 3, 6, 0, 15, 0, 'mineable/pickaxe', 70),
(826, 'copper_block', 'Block of Copper', 3, 6, 0, 15, 0, 'mineable/pickaxe', 66),
(827, 'copper_ore', 'Copper Ore', 0, 0, 0, 15, 0, 'mineable/pickaxe', 44),
(828, 'deepslate_copper_ore', 'Deepslate Copper Ore', 4.5, 3, 0, 15, 0, 'mineable/pickaxe', 45),
(829, 'oxidized_cut_copper', 'Oxidized Cut Copper', 0, 0, 0, 15, 0, 'mineable/pickaxe', 76),
(830, 'weathered_cut_copper', 'Weathered Cut Copper', 0, 0, 0, 15, 0, 'mineable/pickaxe', 75),
(831, 'exposed_cut_copper', 'Exposed Cut Copper', 0, 0, 0, 15, 0, 'mineable/pickaxe', 74),
(832, 'cut_copper', 'Cut Copper', 0, 0, 0, 15, 0, 'mineable/pickaxe', 73),
(833, 'oxidized_cut_copper_stairs', 'Oxidized Cut Copper Stairs', 0, 0, 0, 0, 0, 'mineable/pickaxe', 80),
(834, 'weathered_cut_copper_stairs', 'Weathered Cut Copper Stairs', 0, 0, 0, 0, 0, 'mineable/pickaxe', 79),
(835, 'exposed_cut_copper_stairs', 'Exposed Cut Copper Stairs', 0, 0, 0, 0, 0, 'mineable/pickaxe', 78),
(836, 'cut_copper_stairs', 'Cut Copper Stairs', 0, 0, 0, 0, 0, 'mineable/pickaxe', 77),
(837, 'oxidized_cut_copper_slab', 'Oxidized Cut Copper Slab', 0, 0, 0, 0, 0, 'mineable/pickaxe', 84),
(838, 'weathered_cut_copper_slab', 'Weathered Cut Copper Slab', 0, 0, 0, 0, 0, 'mineable/pickaxe', 83),
(839, 'exposed_cut_copper_slab', 'Exposed Cut Copper Slab', 0, 0, 0, 0, 0, 'mineable/pickaxe', 82),
(840, 'cut_copper_slab', 'Cut Copper Slab', 0, 0, 0, 0, 0, 'mineable/pickaxe', 81),
(841, 'waxed_copper_block', 'Waxed Block of Copper', 0, 0, 0, 15, 0, 'mineable/pickaxe', 85),
(842, 'waxed_weathered_copper', 'Waxed Weathered Copper', 0, 0, 0, 15, 0, 'mineable/pickaxe', 87),
(843, 'waxed_exposed_copper', 'Waxed Exposed Copper', 0, 0, 0, 15, 0, 'mineable/pickaxe', 86),
(844, 'waxed_oxidized_copper', 'Waxed Oxidized Copper', 0, 0, 0, 15, 0, 'mineable/pickaxe', 88),
(845, 'waxed_oxidized_cut_copper', 'Waxed Oxidized Cut Copper', 0, 0, 0, 15, 0, 'mineable/pickaxe', 92),
(846, 'waxed_weathered_cut_copper', 'Waxed Weathered Cut Copper', 0, 0, 0, 15, 0, 'mineable/pickaxe', 91),
(847, 'waxed_exposed_cut_copper', 'Waxed Exposed Cut Copper', 0, 0, 0, 15, 0, 'mineable/pickaxe', 90),
(848, 'waxed_cut_copper', 'Waxed Cut Copper', 0, 0, 0, 15, 0, 'mineable/pickaxe', 89),
(849, 'waxed_oxidized_cut_copper_stairs', 'Waxed Oxidized Cut Copper Stairs', 0, 0, 0, 0, 0, 'mineable/pickaxe', 96),
(850, 'waxed_weathered_cut_copper_stairs', 'Waxed Weathered Cut Copper Stairs', 0, 0, 0, 0, 0, 'mineable/pickaxe', 95),
(851, 'waxed_exposed_cut_copper_stairs', 'Waxed Exposed Cut Copper Stairs', 0, 0, 0, 0, 0, 'mineable/pickaxe', 94),
(852, 'waxed_cut_copper_stairs', 'Waxed Cut Copper Stairs', 0, 0, 0, 0, 0, 'mineable/pickaxe', 93),
(853, 'waxed_oxidized_cut_copper_slab', 'Waxed Oxidized Cut Copper Slab', 0, 0, 0, 0, 0, 'mineable/pickaxe', 100),
(854, 'waxed_weathered_cut_copper_slab', 'Waxed Weathered Cut Copper Slab', 0, 0, 0, 0, 0, 'mineable/pickaxe', 99),
(855, 'waxed_exposed_cut_copper_slab', 'Waxed Exposed Cut Copper Slab', 0, 0, 0, 0, 0, 'mineable/pickaxe', 98),
(856, 'waxed_cut_copper_slab', 'Waxed Cut Copper Slab', 0, 0, 0, 0, 0, 'mineable/pickaxe', 97),
(857, 'lightning_rod', 'Lightning Rod', 3, 6, 1, 0, 0, 'mineable/pickaxe', 601),
(858, 'pointed_dripstone', 'Pointed Dripstone', 1.5, 3, 1, 0, 0, 'mineable/pickaxe', 1100),
(859, 'dripstone_block', 'Dripstone Block', 1.5, 1, 0, 15, 0, 'mineable/pickaxe', 13),
(860, 'cave_vines', 'Cave Vines', 0, 0, 1, 0, 0, 'plant;mineable/axe', NULL),
(861, 'cave_vines_plant', 'Cave Vines Plant', 0, 0, 1, 0, 0, 'plant;mineable/axe', NULL),
(862, 'spore_blossom', 'Spore Blossom', 0, 0, 1, 0, 0, 'plant;mineable/axe', 186),
(863, 'azalea', 'Azalea', 0, 0, 1, 0, 0, 'plant;mineable/axe', 152),
(864, 'flowering_azalea', 'Flowering Azalea', 0, 0, 1, 0, 0, 'plant;mineable/axe', 153),
(865, 'moss_carpet', 'Moss Carpet', 0.1, 0.1, 0, 0, 0, 'plant', 198),
(866, 'moss_block', 'Moss Block', 0.1, 0.1, 0, 15, 0, 'mineable/hoe', 199),
(867, 'big_dripleaf', 'Big Dripleaf', 0.1, 0.1, 0, 0, 0, 'plant;mineable/axe', 201),
(868, 'big_dripleaf_stem', 'Big Dripleaf Stem', 0.1, 0.1, 1, 0, 0, 'plant;mineable/axe', NULL),
(869, 'small_dripleaf', 'Small Dripleaf', 0, 0, 1, 0, 0, 'plant;mineable/axe', 202),
(870, 'hanging_roots', 'Hanging Roots', 0, 0, 1, 0, 0, 'plant;mineable/axe', 200),
(871, 'rooted_dirt', 'Rooted Dirt', 0.5, 0.5, 0, 15, 0, 'mineable/shovel', 18),
(872, 'deepslate', 'Deepslate', 3, 6, 0, 15, 0, 'mineable/pickaxe', 8),
(873, 'cobbled_deepslate', 'Cobbled Deepslate', 3.5, 6, 0, 15, 0, 'mineable/pickaxe', 9),
(874, 'cobbled_deepslate_stairs', 'Cobbled Deepslate Stairs', 0, 0, 0, 0, 0, 'mineable/pickaxe', 563),
(875, 'cobbled_deepslate_slab', 'Cobbled Deepslate Slab', 0, 0, 0, 0, 0, 'mineable/pickaxe', 580),
(876, 'cobbled_deepslate_wall', 'Cobbled Deepslate Wall', 0, 0, 0, 0, 0, 'mineable/pickaxe', 342),
(877, 'polished_deepslate', 'Polished Deepslate', 0, 0, 0, 15, 0, 'mineable/pickaxe', 10),
(878, 'polished_deepslate_stairs', 'Polished Deepslate Stairs', 0, 0, 0, 0, 0, 'mineable/pickaxe', 564),
(879, 'polished_deepslate_slab', 'Polished Deepslate Slab', 0, 0, 0, 0, 0, 'mineable/pickaxe', 581),
(880, 'polished_deepslate_wall', 'Polished Deepslate Wall', 0, 0, 0, 0, 0, 'mineable/pickaxe', 343),
(881, 'deepslate_tiles', 'Deepslate Tiles', 0, 0, 0, 15, 0, 'mineable/pickaxe', 289),
(882, 'deepslate_tile_stairs', 'Deepslate Tile Stairs', 0, 0, 0, 0, 0, 'mineable/pickaxe', 566),
(883, 'deepslate_tile_slab', 'Deepslate Tile Slab', 0, 0, 0, 0, 0, 'mineable/pickaxe', 583),
(884, 'deepslate_tile_wall', 'Deepslate Tile Wall', 0, 0, 0, 0, 0, 'mineable/pickaxe', 345),
(885, 'deepslate_bricks', 'Deepslate Bricks', 0, 0, 0, 15, 0, 'mineable/pickaxe', 287),
(886, 'deepslate_brick_stairs', 'Deepslate Brick Stairs', 0, 0, 0, 0, 0, 'mineable/pickaxe', 565),
(887, 'deepslate_brick_slab', 'Deepslate Brick Slab', 0, 0, 0, 0, 0, 'mineable/pickaxe', 582),
(888, 'deepslate_brick_wall', 'Deepslate Brick Wall', 0, 0, 0, 0, 0, 'mineable/pickaxe', 344),
(889, 'chiseled_deepslate', 'Chiseled Deepslate', 0, 0, 0, 15, 0, 'mineable/pickaxe', 291),
(890, 'cracked_deepslate_bricks', 'Cracked Deepslate Bricks', 0, 0, 0, 15, 0, 'mineable/pickaxe', 288),
(891, 'cracked_deepslate_tiles', 'Cracked Deepslate Tiles', 0, 0, 0, 15, 0, 'mineable/pickaxe', 290),
(892, 'infested_deepslate', 'Infested Deepslate', 0, 0, 0, 15, 0, 'mineable/pickaxe', 282),
(893, 'smooth_basalt', 'Smooth Basalt', 0, 0, 0, 15, 0, 'mineable/pickaxe', 273),
(894, 'raw_iron_block', 'Block of Raw Iron', 5, 6, 0, 15, 0, 'mineable/pickaxe', 60),
(895, 'raw_copper_block', 'Block of Raw Copper', 5, 6, 0, 15, 0, 'mineable/pickaxe', 61),
(896, 'raw_gold_block', 'Block of Raw Gold', 5, 6, 0, 15, 0, 'mineable/pickaxe', 62),
(897, 'potted_azalea_bush', 'Potted Azalea', 0, 0, 1, 0, 0, 'default', NULL),
(898, 'potted_flowering_azalea_bush', 'Potted Flowering Azalea', 0, 0, 1, 0, 0, 'default', NULL);

-- --------------------------------------------------------

--
-- Table structure for table `container_type`
--

CREATE TABLE `container_type` (
  `id` int(11) NOT NULL,
  `name` varchar(64) COLLATE utf8mb4_unicode_ci NOT NULL,
  `slots` int(11) DEFAULT NULL,
  `description` varchar(255) COLLATE utf8mb4_unicode_ci DEFAULT NULL,
  `icon` varchar(255) COLLATE utf8mb4_unicode_ci DEFAULT NULL
) ENGINE=InnoDB DEFAULT CHARSET=utf8mb4 COLLATE=utf8mb4_unicode_ci;

--
-- Dumping data for table `container_type`
--

INSERT INTO `container_type` (`id`, `name`, `slots`, `description`, `icon`) VALUES
(1, 'chest', 27, 'Cofre normal', 'chest_icon'),
(2, 'barrel', 27, 'Barril', 'barrel_icon'),
(3, 'shulker_box', 27, 'Caja shulker', 'shulker_icon'),
(4, 'TRAPPED_CHEST', 27, 'Auto-created container type', NULL);

-- --------------------------------------------------------

--
-- Table structure for table `enchantment`
--

CREATE TABLE `enchantment` (
  `id` int(11) NOT NULL,
  `name` varchar(128) COLLATE utf8mb4_unicode_ci NOT NULL,
  `display_name` varchar(255) COLLATE utf8mb4_unicode_ci DEFAULT NULL,
  `max_level` int(11) DEFAULT NULL,
  `treasure_only` tinyint(1) DEFAULT '0',
  `curse` tinyint(1) DEFAULT '0',
  `category` varchar(255) COLLATE utf8mb4_unicode_ci DEFAULT NULL,
  `weight` int(11) DEFAULT NULL,
  `tradeable` tinyint(1) DEFAULT '1',
  `discoverable` tinyint(1) DEFAULT '1',
  `exclude` json DEFAULT NULL
) ENGINE=InnoDB DEFAULT CHARSET=utf8mb4 COLLATE=utf8mb4_unicode_ci;

--
-- Dumping data for table `enchantment`
--

INSERT INTO `enchantment` (`id`, `name`, `display_name`, `max_level`, `treasure_only`, `curse`, `category`, `weight`, `tradeable`, `discoverable`, `exclude`) VALUES
(1, 'protection', 'Protection', 4, 0, 0, 'armor', 10, 1, 1, '[\"fire_protection\", \"blast_protection\", \"projectile_protection\"]'),
(2, 'fire_protection', 'Fire Protection', 4, 0, 0, 'armor', 5, 1, 1, '[\"protection\", \"blast_protection\", \"projectile_protection\"]'),
(3, 'feather_falling', 'Feather Falling', 4, 0, 0, 'armor_feet', 5, 1, 1, '[]'),
(4, 'blast_protection', 'Blast Protection', 4, 0, 0, 'armor', 2, 1, 1, '[\"protection\", \"fire_protection\", \"projectile_protection\"]'),
(5, 'projectile_protection', 'Projectile Protection', 4, 0, 0, 'armor', 5, 1, 1, '[\"protection\", \"fire_protection\", \"blast_protection\"]'),
(6, 'respiration', 'Respiration', 3, 0, 0, 'armor_head', 2, 1, 1, '[]'),
(7, 'aqua_affinity', 'Aqua Affinity', 1, 0, 0, 'armor_head', 2, 1, 1, '[]'),
(8, 'thorns', 'Thorns', 3, 0, 0, 'armor_chest', 1, 1, 1, '[]'),
(9, 'depth_strider', 'Depth Strider', 3, 0, 0, 'armor_feet', 2, 1, 1, '[\"frost_walker\"]'),
(10, 'frost_walker', 'Frost Walker', 2, 1, 0, 'armor_feet', 2, 1, 1, '[\"depth_strider\"]'),
(11, 'binding_curse', 'Curse of Binding', 1, 1, 1, 'wearable', 1, 1, 1, '[]'),
(12, 'soul_speed', 'Soul Speed', 3, 1, 0, 'armor_feet', 1, 0, 0, '[]'),
(13, 'sharpness', 'Sharpness', 5, 0, 0, 'weapon', 10, 1, 1, '[\"smite\", \"bane_of_arthropods\"]'),
(14, 'smite', 'Smite', 5, 0, 0, 'weapon', 5, 1, 1, '[\"sharpness\", \"bane_of_arthropods\"]'),
(15, 'bane_of_arthropods', 'Bane of Arthropods', 5, 0, 0, 'weapon', 5, 1, 1, '[\"sharpness\", \"smite\"]'),
(16, 'knockback', 'Knockback', 2, 0, 0, 'weapon', 5, 1, 1, '[]'),
(17, 'fire_aspect', 'Fire Aspect', 2, 0, 0, 'weapon', 2, 1, 1, '[]'),
(18, 'looting', 'Looting', 3, 0, 0, 'weapon', 2, 1, 1, '[\"silk_touch\"]'),
(19, 'sweeping', 'Sweeping Edge', 3, 0, 0, 'weapon', 2, 1, 1, '[]'),
(20, 'efficiency', 'Efficiency', 5, 0, 0, 'digger', 10, 1, 1, '[]'),
(21, 'silk_touch', 'Silk Touch', 1, 0, 0, 'digger', 1, 1, 1, '[\"looting\", \"fortune\", \"luck_of_the_sea\"]'),
(22, 'unbreaking', 'Unbreaking', 3, 0, 0, 'breakable', 5, 1, 1, '[]'),
(23, 'fortune', 'Fortune', 3, 0, 0, 'digger', 2, 1, 1, '[\"silk_touch\"]'),
(24, 'power', 'Power', 5, 0, 0, 'bow', 10, 1, 1, '[]'),
(25, 'punch', 'Punch', 2, 0, 0, 'bow', 2, 1, 1, '[]'),
(26, 'flame', 'Flame', 1, 0, 0, 'bow', 2, 1, 1, '[]'),
(27, 'infinity', 'Infinity', 1, 0, 0, 'bow', 1, 1, 1, '[\"mending\"]'),
(28, 'luck_of_the_sea', 'Luck of the Sea', 3, 0, 0, 'fishing_rod', 2, 1, 1, '[\"silk_touch\"]'),
(29, 'lure', 'Lure', 3, 0, 0, 'fishing_rod', 2, 1, 1, '[]'),
(30, 'loyalty', 'Loyalty', 3, 0, 0, 'trident', 5, 1, 1, '[\"riptide\"]'),
(31, 'impaling', 'Impaling', 5, 0, 0, 'trident', 2, 1, 1, '[]'),
(32, 'riptide', 'Riptide', 3, 0, 0, 'trident', 2, 1, 1, '[\"loyalty\", \"channeling\"]'),
(33, 'channeling', 'Channeling', 1, 0, 0, 'trident', 1, 1, 1, '[\"riptide\"]'),
(34, 'multishot', 'Multishot', 1, 0, 0, 'crossbow', 2, 1, 1, '[\"piercing\"]'),
(35, 'quick_charge', 'Quick Charge', 3, 0, 0, 'crossbow', 5, 1, 1, '[]'),
(36, 'piercing', 'Piercing', 4, 0, 0, 'crossbow', 10, 1, 1, '[\"multishot\"]'),
(37, 'mending', 'Mending', 1, 1, 0, 'breakable', 2, 1, 1, '[\"infinity\"]'),
(38, 'vanishing_curse', 'Curse of Vanishing', 1, 1, 1, 'vanishable', 1, 1, 1, '[]');

-- --------------------------------------------------------

--
-- Table structure for table `food`
--

CREATE TABLE `food` (
  `id` int(11) NOT NULL,
  `name` varchar(128) COLLATE utf8mb4_unicode_ci NOT NULL,
  `display_name` varchar(255) COLLATE utf8mb4_unicode_ci DEFAULT NULL,
  `food_points` int(11) DEFAULT NULL,
  `saturation` float DEFAULT NULL,
  `effective_quality` float DEFAULT NULL,
  `saturation_ratio` float DEFAULT NULL
) ENGINE=InnoDB DEFAULT CHARSET=utf8mb4 COLLATE=utf8mb4_unicode_ci;

--
-- Dumping data for table `food`
--

INSERT INTO `food` (`id`, `name`, `display_name`, `food_points`, `saturation`, `effective_quality`, `saturation_ratio`) VALUES
(1, 'apple', 'Apple', 4, 2.4, 6.4, 0.6),
(2, 'mushroom_stew', 'Mushroom Stew', 6, 7.2, 13.2, 1.2),
(3, 'bread', 'Bread', 5, 6, 11, 1.2),
(4, 'porkchop', 'Raw Porkchop', 3, 1.8, 4.8, 0.6),
(5, 'cooked_porkchop', 'Cooked Porkchop', 8, 12.8, 20.8, 1.6),
(6, 'golden_apple', 'Golden Apple', 4, 9.6, 13.6, 2.4),
(7, 'enchanted_golden_apple', 'Enchanted Golden Apple', 4, 9.6, 13.6, 2.4),
(8, 'cod', 'Raw Cod', 2, 0.4, 2.4, 0.2),
(9, 'salmon', 'Raw Salmon', 2, 0.4, 2.4, 0.2),
(10, 'tropical_fish', 'Tropical Fish', 1, 0.2, 1.2, 0.2),
(11, 'pufferfish', 'Pufferfish', 1, 0.2, 1.2, 0.2),
(12, 'cooked_cod', 'Cooked Cod', 5, 6, 11, 1.2),
(13, 'cooked_salmon', 'Cooked Salmon', 6, 9.6, 15.6, 1.6),
(14, 'cookie', 'Cookie', 2, 0.4, 2.4, 0.2),
(15, 'melon_slice', 'Melon Slice', 2, 1.2, 3.2, 0.6),
(16, 'dried_kelp', 'Dried Kelp', 1, 0.6, 1.6, 0.6),
(17, 'beef', 'Raw Beef', 3, 1.8, 4.8, 0.6),
(18, 'cooked_beef', 'Steak', 8, 12.8, 20.8, 1.6),
(19, 'chicken', 'Raw Chicken', 2, 1.2, 3.2, 0.6),
(20, 'cooked_chicken', 'Cooked Chicken', 6, 7.2, 13.2, 1.2),
(21, 'rotten_flesh', 'Rotten Flesh', 4, 0.8, 4.8, 0.2),
(22, 'spider_eye', 'Spider Eye', 2, 3.2, 5.2, 1.6),
(23, 'carrot', 'Carrot', 3, 3.6, 6.6, 1.2),
(24, 'potato', 'Potato', 1, 0.6, 1.6, 0.6),
(25, 'baked_potato', 'Baked Potato', 5, 6, 11, 1.2),
(26, 'poisonous_potato', 'Poisonous Potato', 2, 1.2, 3.2, 0.6),
(27, 'golden_carrot', 'Golden Carrot', 6, 14.4, 20.4, 2.4),
(28, 'pumpkin_pie', 'Pumpkin Pie', 8, 4.8, 12.8, 0.6),
(29, 'rabbit', 'Raw Rabbit', 3, 1.8, 4.8, 0.6),
(30, 'cooked_rabbit', 'Cooked Rabbit', 5, 6, 11, 1.2),
(31, 'rabbit_stew', 'Rabbit Stew', 10, 12, 22, 1.2),
(32, 'mutton', 'Raw Mutton', 2, 1.2, 3.2, 0.6),
(33, 'cooked_mutton', 'Cooked Mutton', 6, 9.6, 15.6, 1.6),
(34, 'chorus_fruit', 'Chorus Fruit', 4, 2.4, 6.4, 0.6),
(35, 'beetroot', 'Beetroot', 1, 1.2, 2.2, 1.2),
(36, 'beetroot_soup', 'Beetroot Soup', 6, 7.2, 13.2, 1.2),
(37, 'suspicious_stew', 'Suspicious Stew', 6, 7.2, 13.2, 1.2),
(38, 'sweet_berries', 'Sweet Berries', 2, 0.4, 2.4, 0.2),
(39, 'glow_berries', 'Glow Berries', 2, 0.4, 2.4, 0.2),
(40, 'honey_bottle', 'Honey Bottle', 6, 1.2, 7.2, 0.2);

-- --------------------------------------------------------

--
-- Table structure for table `inventory_history`
--

CREATE TABLE `inventory_history` (
  `id` int(11) NOT NULL,
  `storage_id` int(11) NOT NULL,
  `item_id` int(11) NOT NULL,
  `old_quantity` int(11) DEFAULT NULL,
  `new_quantity` int(11) DEFAULT NULL,
  `change_reason` varchar(128) COLLATE utf8mb4_unicode_ci DEFAULT NULL,
  `actor_id` int(11) DEFAULT NULL,
  `change_type` varchar(16) COLLATE utf8mb4_unicode_ci DEFAULT NULL,
  `timestamp` datetime DEFAULT CURRENT_TIMESTAMP
) ENGINE=InnoDB DEFAULT CHARSET=utf8mb4 COLLATE=utf8mb4_unicode_ci;

-- --------------------------------------------------------

--
-- Table structure for table `item`
--

CREATE TABLE `item` (
  `id` int(11) NOT NULL,
  `name` varchar(128) COLLATE utf8mb4_unicode_ci NOT NULL,
  `display_name` varchar(255) COLLATE utf8mb4_unicode_ci DEFAULT NULL,
  `stack_size` int(11) DEFAULT '64',
  `max_durability` int(11) DEFAULT NULL,
  `enchant_categories` json DEFAULT NULL
) ENGINE=InnoDB DEFAULT CHARSET=utf8mb4 COLLATE=utf8mb4_unicode_ci;

--
-- Dumping data for table `item`
--

INSERT INTO `item` (`id`, `name`, `display_name`, `stack_size`, `max_durability`, `enchant_categories`) VALUES
(1, 'stone', 'Stone', 64, NULL, 'null'),
(2, 'granite', 'Granite', 64, NULL, 'null'),
(3, 'polished_granite', 'Polished Granite', 64, NULL, 'null'),
(4, 'diorite', 'Diorite', 64, NULL, 'null'),
(5, 'polished_diorite', 'Polished Diorite', 64, NULL, 'null'),
(6, 'andesite', 'Andesite', 64, NULL, 'null'),
(7, 'polished_andesite', 'Polished Andesite', 64, NULL, 'null'),
(8, 'deepslate', 'Deepslate', 64, NULL, 'null'),
(9, 'cobbled_deepslate', 'Cobbled Deepslate', 64, NULL, 'null'),
(10, 'polished_deepslate', 'Polished Deepslate', 64, NULL, 'null'),
(11, 'calcite', 'Calcite', 64, NULL, 'null'),
(12, 'tuff', 'Tuff', 64, NULL, 'null'),
(13, 'dripstone_block', 'Dripstone Block', 64, NULL, 'null'),
(14, 'grass_block', 'Grass Block', 64, NULL, 'null'),
(15, 'dirt', 'Dirt', 64, NULL, 'null'),
(16, 'coarse_dirt', 'Coarse Dirt', 64, NULL, 'null'),
(17, 'podzol', 'Podzol', 64, NULL, 'null'),
(18, 'rooted_dirt', 'Rooted Dirt', 64, NULL, 'null'),
(19, 'crimson_nylium', 'Crimson Nylium', 64, NULL, 'null'),
(20, 'warped_nylium', 'Warped Nylium', 64, NULL, 'null'),
(21, 'cobblestone', 'Cobblestone', 64, NULL, 'null'),
(22, 'oak_planks', 'Oak Planks', 64, NULL, 'null'),
(23, 'spruce_planks', 'Spruce Planks', 64, NULL, 'null'),
(24, 'birch_planks', 'Birch Planks', 64, NULL, 'null'),
(25, 'jungle_planks', 'Jungle Planks', 64, NULL, 'null'),
(26, 'acacia_planks', 'Acacia Planks', 64, NULL, 'null'),
(27, 'dark_oak_planks', 'Dark Oak Planks', 64, NULL, 'null'),
(28, 'crimson_planks', 'Crimson Planks', 64, NULL, 'null'),
(29, 'warped_planks', 'Warped Planks', 64, NULL, 'null'),
(30, 'oak_sapling', 'Oak Sapling', 64, NULL, 'null'),
(31, 'spruce_sapling', 'Spruce Sapling', 64, NULL, 'null'),
(32, 'birch_sapling', 'Birch Sapling', 64, NULL, 'null'),
(33, 'jungle_sapling', 'Jungle Sapling', 64, NULL, 'null'),
(34, 'acacia_sapling', 'Acacia Sapling', 64, NULL, 'null'),
(35, 'dark_oak_sapling', 'Dark Oak Sapling', 64, NULL, 'null'),
(36, 'bedrock', 'Bedrock', 64, NULL, 'null'),
(37, 'sand', 'Sand', 64, NULL, 'null'),
(38, 'red_sand', 'Red Sand', 64, NULL, 'null'),
(39, 'gravel', 'Gravel', 64, NULL, 'null'),
(40, 'coal_ore', 'Coal Ore', 64, NULL, 'null'),
(41, 'deepslate_coal_ore', 'Deepslate Coal Ore', 64, NULL, 'null'),
(42, 'iron_ore', 'Iron Ore', 64, NULL, 'null'),
(43, 'deepslate_iron_ore', 'Deepslate Iron Ore', 64, NULL, 'null'),
(44, 'copper_ore', 'Copper Ore', 64, NULL, 'null'),
(45, 'deepslate_copper_ore', 'Deepslate Copper Ore', 64, NULL, 'null'),
(46, 'gold_ore', 'Gold Ore', 64, NULL, 'null'),
(47, 'deepslate_gold_ore', 'Deepslate Gold Ore', 64, NULL, 'null'),
(48, 'redstone_ore', 'Redstone Ore', 64, NULL, 'null'),
(49, 'deepslate_redstone_ore', 'Deepslate Redstone Ore', 64, NULL, 'null'),
(50, 'emerald_ore', 'Emerald Ore', 64, NULL, 'null'),
(51, 'deepslate_emerald_ore', 'Deepslate Emerald Ore', 64, NULL, 'null'),
(52, 'lapis_ore', 'Lapis Lazuli Ore', 64, NULL, 'null'),
(53, 'deepslate_lapis_ore', 'Deepslate Lapis Lazuli Ore', 64, NULL, 'null'),
(54, 'diamond_ore', 'Diamond Ore', 64, NULL, 'null'),
(55, 'deepslate_diamond_ore', 'Deepslate Diamond Ore', 64, NULL, 'null'),
(56, 'nether_gold_ore', 'Nether Gold Ore', 64, NULL, 'null'),
(57, 'nether_quartz_ore', 'Nether Quartz Ore', 64, NULL, 'null'),
(58, 'ancient_debris', 'Ancient Debris', 64, NULL, 'null'),
(59, 'coal_block', 'Block of Coal', 64, NULL, 'null'),
(60, 'raw_iron_block', 'Block of Raw Iron', 64, NULL, 'null'),
(61, 'raw_copper_block', 'Block of Raw Copper', 64, NULL, 'null'),
(62, 'raw_gold_block', 'Block of Raw Gold', 64, NULL, 'null'),
(63, 'amethyst_block', 'Block of Amethyst', 64, NULL, 'null'),
(64, 'budding_amethyst', 'Budding Amethyst', 64, NULL, 'null'),
(65, 'iron_block', 'Block of Iron', 64, NULL, 'null'),
(66, 'copper_block', 'Block of Copper', 64, NULL, 'null'),
(67, 'gold_block', 'Block of Gold', 64, NULL, 'null'),
(68, 'diamond_block', 'Block of Diamond', 64, NULL, 'null'),
(69, 'netherite_block', 'Block of Netherite', 64, NULL, 'null'),
(70, 'exposed_copper', 'Exposed Copper', 64, NULL, 'null'),
(71, 'weathered_copper', 'Weathered Copper', 64, NULL, 'null'),
(72, 'oxidized_copper', 'Oxidized Copper', 64, NULL, 'null'),
(73, 'cut_copper', 'Cut Copper', 64, NULL, 'null'),
(74, 'exposed_cut_copper', 'Exposed Cut Copper', 64, NULL, 'null'),
(75, 'weathered_cut_copper', 'Weathered Cut Copper', 64, NULL, 'null'),
(76, 'oxidized_cut_copper', 'Oxidized Cut Copper', 64, NULL, 'null'),
(77, 'cut_copper_stairs', 'Cut Copper Stairs', 64, NULL, 'null'),
(78, 'exposed_cut_copper_stairs', 'Exposed Cut Copper Stairs', 64, NULL, 'null'),
(79, 'weathered_cut_copper_stairs', 'Weathered Cut Copper Stairs', 64, NULL, 'null'),
(80, 'oxidized_cut_copper_stairs', 'Oxidized Cut Copper Stairs', 64, NULL, 'null'),
(81, 'cut_copper_slab', 'Cut Copper Slab', 64, NULL, 'null'),
(82, 'exposed_cut_copper_slab', 'Exposed Cut Copper Slab', 64, NULL, 'null'),
(83, 'weathered_cut_copper_slab', 'Weathered Cut Copper Slab', 64, NULL, 'null'),
(84, 'oxidized_cut_copper_slab', 'Oxidized Cut Copper Slab', 64, NULL, 'null'),
(85, 'waxed_copper_block', 'Waxed Block of Copper', 64, NULL, 'null'),
(86, 'waxed_exposed_copper', 'Waxed Exposed Copper', 64, NULL, 'null'),
(87, 'waxed_weathered_copper', 'Waxed Weathered Copper', 64, NULL, 'null'),
(88, 'waxed_oxidized_copper', 'Waxed Oxidized Copper', 64, NULL, 'null'),
(89, 'waxed_cut_copper', 'Waxed Cut Copper', 64, NULL, 'null'),
(90, 'waxed_exposed_cut_copper', 'Waxed Exposed Cut Copper', 64, NULL, 'null'),
(91, 'waxed_weathered_cut_copper', 'Waxed Weathered Cut Copper', 64, NULL, 'null'),
(92, 'waxed_oxidized_cut_copper', 'Waxed Oxidized Cut Copper', 64, NULL, 'null'),
(93, 'waxed_cut_copper_stairs', 'Waxed Cut Copper Stairs', 64, NULL, 'null'),
(94, 'waxed_exposed_cut_copper_stairs', 'Waxed Exposed Cut Copper Stairs', 64, NULL, 'null'),
(95, 'waxed_weathered_cut_copper_stairs', 'Waxed Weathered Cut Copper Stairs', 64, NULL, 'null'),
(96, 'waxed_oxidized_cut_copper_stairs', 'Waxed Oxidized Cut Copper Stairs', 64, NULL, 'null'),
(97, 'waxed_cut_copper_slab', 'Waxed Cut Copper Slab', 64, NULL, 'null'),
(98, 'waxed_exposed_cut_copper_slab', 'Waxed Exposed Cut Copper Slab', 64, NULL, 'null'),
(99, 'waxed_weathered_cut_copper_slab', 'Waxed Weathered Cut Copper Slab', 64, NULL, 'null'),
(100, 'waxed_oxidized_cut_copper_slab', 'Waxed Oxidized Cut Copper Slab', 64, NULL, 'null'),
(101, 'oak_log', 'Oak Log', 64, NULL, 'null'),
(102, 'spruce_log', 'Spruce Log', 64, NULL, 'null'),
(103, 'birch_log', 'Birch Log', 64, NULL, 'null'),
(104, 'jungle_log', 'Jungle Log', 64, NULL, 'null'),
(105, 'acacia_log', 'Acacia Log', 64, NULL, 'null'),
(106, 'dark_oak_log', 'Dark Oak Log', 64, NULL, 'null'),
(107, 'crimson_stem', 'Crimson Stem', 64, NULL, 'null'),
(108, 'warped_stem', 'Warped Stem', 64, NULL, 'null'),
(109, 'stripped_oak_log', 'Stripped Oak Log', 64, NULL, 'null'),
(110, 'stripped_spruce_log', 'Stripped Spruce Log', 64, NULL, 'null'),
(111, 'stripped_birch_log', 'Stripped Birch Log', 64, NULL, 'null'),
(112, 'stripped_jungle_log', 'Stripped Jungle Log', 64, NULL, 'null'),
(113, 'stripped_acacia_log', 'Stripped Acacia Log', 64, NULL, 'null'),
(114, 'stripped_dark_oak_log', 'Stripped Dark Oak Log', 64, NULL, 'null'),
(115, 'stripped_crimson_stem', 'Stripped Crimson Stem', 64, NULL, 'null'),
(116, 'stripped_warped_stem', 'Stripped Warped Stem', 64, NULL, 'null'),
(117, 'stripped_oak_wood', 'Stripped Oak Wood', 64, NULL, 'null'),
(118, 'stripped_spruce_wood', 'Stripped Spruce Wood', 64, NULL, 'null'),
(119, 'stripped_birch_wood', 'Stripped Birch Wood', 64, NULL, 'null'),
(120, 'stripped_jungle_wood', 'Stripped Jungle Wood', 64, NULL, 'null'),
(121, 'stripped_acacia_wood', 'Stripped Acacia Wood', 64, NULL, 'null'),
(122, 'stripped_dark_oak_wood', 'Stripped Dark Oak Wood', 64, NULL, 'null'),
(123, 'stripped_crimson_hyphae', 'Stripped Crimson Hyphae', 64, NULL, 'null'),
(124, 'stripped_warped_hyphae', 'Stripped Warped Hyphae', 64, NULL, 'null'),
(125, 'oak_wood', 'Oak Wood', 64, NULL, 'null'),
(126, 'spruce_wood', 'Spruce Wood', 64, NULL, 'null'),
(127, 'birch_wood', 'Birch Wood', 64, NULL, 'null'),
(128, 'jungle_wood', 'Jungle Wood', 64, NULL, 'null'),
(129, 'acacia_wood', 'Acacia Wood', 64, NULL, 'null'),
(130, 'dark_oak_wood', 'Dark Oak Wood', 64, NULL, 'null'),
(131, 'crimson_hyphae', 'Crimson Hyphae', 64, NULL, 'null'),
(132, 'warped_hyphae', 'Warped Hyphae', 64, NULL, 'null'),
(133, 'oak_leaves', 'Oak Leaves', 64, NULL, 'null'),
(134, 'spruce_leaves', 'Spruce Leaves', 64, NULL, 'null'),
(135, 'birch_leaves', 'Birch Leaves', 64, NULL, 'null'),
(136, 'jungle_leaves', 'Jungle Leaves', 64, NULL, 'null'),
(137, 'acacia_leaves', 'Acacia Leaves', 64, NULL, 'null'),
(138, 'dark_oak_leaves', 'Dark Oak Leaves', 64, NULL, 'null'),
(139, 'azalea_leaves', 'Azalea Leaves', 64, NULL, 'null'),
(140, 'flowering_azalea_leaves', 'Flowering Azalea Leaves', 64, NULL, 'null'),
(141, 'sponge', 'Sponge', 64, NULL, 'null'),
(142, 'wet_sponge', 'Wet Sponge', 64, NULL, 'null'),
(143, 'glass', 'Glass', 64, NULL, 'null'),
(144, 'tinted_glass', 'Tinted Glass', 64, NULL, 'null'),
(145, 'lapis_block', 'Block of Lapis Lazuli', 64, NULL, 'null'),
(146, 'sandstone', 'Sandstone', 64, NULL, 'null'),
(147, 'chiseled_sandstone', 'Chiseled Sandstone', 64, NULL, 'null'),
(148, 'cut_sandstone', 'Cut Sandstone', 64, NULL, 'null'),
(149, 'cobweb', 'Cobweb', 64, NULL, 'null'),
(150, 'grass', 'Grass', 64, NULL, 'null'),
(151, 'fern', 'Fern', 64, NULL, 'null'),
(152, 'azalea', 'Azalea', 64, NULL, 'null'),
(153, 'flowering_azalea', 'Flowering Azalea', 64, NULL, 'null'),
(154, 'dead_bush', 'Dead Bush', 64, NULL, 'null'),
(155, 'seagrass', 'Seagrass', 64, NULL, 'null'),
(156, 'sea_pickle', 'Sea Pickle', 64, NULL, 'null'),
(157, 'white_wool', 'White Wool', 64, NULL, 'null'),
(158, 'orange_wool', 'Orange Wool', 64, NULL, 'null'),
(159, 'magenta_wool', 'Magenta Wool', 64, NULL, 'null'),
(160, 'light_blue_wool', 'Light Blue Wool', 64, NULL, 'null'),
(161, 'yellow_wool', 'Yellow Wool', 64, NULL, 'null'),
(162, 'lime_wool', 'Lime Wool', 64, NULL, 'null'),
(163, 'pink_wool', 'Pink Wool', 64, NULL, 'null'),
(164, 'gray_wool', 'Gray Wool', 64, NULL, 'null'),
(165, 'light_gray_wool', 'Light Gray Wool', 64, NULL, 'null'),
(166, 'cyan_wool', 'Cyan Wool', 64, NULL, 'null'),
(167, 'purple_wool', 'Purple Wool', 64, NULL, 'null'),
(168, 'blue_wool', 'Blue Wool', 64, NULL, 'null'),
(169, 'brown_wool', 'Brown Wool', 64, NULL, 'null'),
(170, 'green_wool', 'Green Wool', 64, NULL, 'null'),
(171, 'red_wool', 'Red Wool', 64, NULL, 'null'),
(172, 'black_wool', 'Black Wool', 64, NULL, 'null'),
(173, 'dandelion', 'Dandelion', 64, NULL, 'null'),
(174, 'poppy', 'Poppy', 64, NULL, 'null'),
(175, 'blue_orchid', 'Blue Orchid', 64, NULL, 'null'),
(176, 'allium', 'Allium', 64, NULL, 'null'),
(177, 'azure_bluet', 'Azure Bluet', 64, NULL, 'null'),
(178, 'red_tulip', 'Red Tulip', 64, NULL, 'null'),
(179, 'orange_tulip', 'Orange Tulip', 64, NULL, 'null'),
(180, 'white_tulip', 'White Tulip', 64, NULL, 'null'),
(181, 'pink_tulip', 'Pink Tulip', 64, NULL, 'null'),
(182, 'oxeye_daisy', 'Oxeye Daisy', 64, NULL, 'null'),
(183, 'cornflower', 'Cornflower', 64, NULL, 'null'),
(184, 'lily_of_the_valley', 'Lily of the Valley', 64, NULL, 'null'),
(185, 'wither_rose', 'Wither Rose', 64, NULL, 'null'),
(186, 'spore_blossom', 'Spore Blossom', 64, NULL, 'null'),
(187, 'brown_mushroom', 'Brown Mushroom', 64, NULL, 'null'),
(188, 'red_mushroom', 'Red Mushroom', 64, NULL, 'null'),
(189, 'crimson_fungus', 'Crimson Fungus', 64, NULL, 'null'),
(190, 'warped_fungus', 'Warped Fungus', 64, NULL, 'null'),
(191, 'crimson_roots', 'Crimson Roots', 64, NULL, 'null'),
(192, 'warped_roots', 'Warped Roots', 64, NULL, 'null'),
(193, 'nether_sprouts', 'Nether Sprouts', 64, NULL, 'null'),
(194, 'weeping_vines', 'Weeping Vines', 64, NULL, 'null'),
(195, 'twisting_vines', 'Twisting Vines', 64, NULL, 'null'),
(196, 'sugar_cane', 'Sugar Cane', 64, NULL, 'null'),
(197, 'kelp', 'Kelp', 64, NULL, 'null'),
(198, 'moss_carpet', 'Moss Carpet', 64, NULL, 'null'),
(199, 'moss_block', 'Moss Block', 64, NULL, 'null'),
(200, 'hanging_roots', 'Hanging Roots', 64, NULL, 'null'),
(201, 'big_dripleaf', 'Big Dripleaf', 64, NULL, 'null'),
(202, 'small_dripleaf', 'Small Dripleaf', 64, NULL, 'null'),
(203, 'bamboo', 'Bamboo', 64, NULL, 'null'),
(204, 'oak_slab', 'Oak Slab', 64, NULL, 'null'),
(205, 'spruce_slab', 'Spruce Slab', 64, NULL, 'null'),
(206, 'birch_slab', 'Birch Slab', 64, NULL, 'null'),
(207, 'jungle_slab', 'Jungle Slab', 64, NULL, 'null'),
(208, 'acacia_slab', 'Acacia Slab', 64, NULL, 'null'),
(209, 'dark_oak_slab', 'Dark Oak Slab', 64, NULL, 'null'),
(210, 'crimson_slab', 'Crimson Slab', 64, NULL, 'null'),
(211, 'warped_slab', 'Warped Slab', 64, NULL, 'null'),
(212, 'stone_slab', 'Stone Slab', 64, NULL, 'null'),
(213, 'smooth_stone_slab', 'Smooth Stone Slab', 64, NULL, 'null'),
(214, 'sandstone_slab', 'Sandstone Slab', 64, NULL, 'null'),
(215, 'cut_sandstone_slab', 'Cut Sandstone Slab', 64, NULL, 'null'),
(216, 'petrified_oak_slab', 'Petrified Oak Slab', 64, NULL, 'null'),
(217, 'cobblestone_slab', 'Cobblestone Slab', 64, NULL, 'null'),
(218, 'brick_slab', 'Brick Slab', 64, NULL, 'null'),
(219, 'stone_brick_slab', 'Stone Brick Slab', 64, NULL, 'null'),
(220, 'nether_brick_slab', 'Nether Brick Slab', 64, NULL, 'null'),
(221, 'quartz_slab', 'Quartz Slab', 64, NULL, 'null'),
(222, 'red_sandstone_slab', 'Red Sandstone Slab', 64, NULL, 'null'),
(223, 'cut_red_sandstone_slab', 'Cut Red Sandstone Slab', 64, NULL, 'null'),
(224, 'purpur_slab', 'Purpur Slab', 64, NULL, 'null'),
(225, 'prismarine_slab', 'Prismarine Slab', 64, NULL, 'null'),
(226, 'prismarine_brick_slab', 'Prismarine Brick Slab', 64, NULL, 'null'),
(227, 'dark_prismarine_slab', 'Dark Prismarine Slab', 64, NULL, 'null'),
(228, 'smooth_quartz', 'Smooth Quartz Block', 64, NULL, 'null'),
(229, 'smooth_red_sandstone', 'Smooth Red Sandstone', 64, NULL, 'null'),
(230, 'smooth_sandstone', 'Smooth Sandstone', 64, NULL, 'null'),
(231, 'smooth_stone', 'Smooth Stone', 64, NULL, 'null'),
(232, 'bricks', 'Bricks', 64, NULL, 'null'),
(233, 'bookshelf', 'Bookshelf', 64, NULL, 'null'),
(234, 'mossy_cobblestone', 'Mossy Cobblestone', 64, NULL, 'null'),
(235, 'obsidian', 'Obsidian', 64, NULL, 'null'),
(236, 'torch', 'Torch', 64, NULL, 'null'),
(237, 'end_rod', 'End Rod', 64, NULL, 'null'),
(238, 'chorus_plant', 'Chorus Plant', 64, NULL, 'null'),
(239, 'chorus_flower', 'Chorus Flower', 64, NULL, 'null'),
(240, 'purpur_block', 'Purpur Block', 64, NULL, 'null'),
(241, 'purpur_pillar', 'Purpur Pillar', 64, NULL, 'null'),
(242, 'purpur_stairs', 'Purpur Stairs', 64, NULL, 'null'),
(243, 'spawner', 'Spawner', 64, NULL, 'null'),
(244, 'oak_stairs', 'Oak Stairs', 64, NULL, 'null'),
(245, 'chest', 'Chest', 64, NULL, 'null'),
(246, 'crafting_table', 'Crafting Table', 64, NULL, 'null'),
(247, 'farmland', 'Farmland', 64, NULL, 'null'),
(248, 'furnace', 'Furnace', 64, NULL, 'null'),
(249, 'ladder', 'Ladder', 64, NULL, 'null'),
(250, 'cobblestone_stairs', 'Cobblestone Stairs', 64, NULL, 'null'),
(251, 'snow', 'Snow', 64, NULL, 'null'),
(252, 'ice', 'Ice', 64, NULL, 'null'),
(253, 'snow_block', 'Snow Block', 64, NULL, 'null'),
(254, 'cactus', 'Cactus', 64, NULL, 'null'),
(255, 'clay', 'Clay', 64, NULL, 'null'),
(256, 'jukebox', 'Jukebox', 64, NULL, 'null'),
(257, 'oak_fence', 'Oak Fence', 64, NULL, 'null'),
(258, 'spruce_fence', 'Spruce Fence', 64, NULL, 'null'),
(259, 'birch_fence', 'Birch Fence', 64, NULL, 'null'),
(260, 'jungle_fence', 'Jungle Fence', 64, NULL, 'null'),
(261, 'acacia_fence', 'Acacia Fence', 64, NULL, 'null'),
(262, 'dark_oak_fence', 'Dark Oak Fence', 64, NULL, 'null'),
(263, 'crimson_fence', 'Crimson Fence', 64, NULL, 'null'),
(264, 'warped_fence', 'Warped Fence', 64, NULL, 'null'),
(265, 'pumpkin', 'Pumpkin', 64, NULL, 'null'),
(266, 'carved_pumpkin', 'Carved Pumpkin', 64, NULL, '[\"wearable\", \"vanishable\"]'),
(267, 'jack_o_lantern', 'Jack o\'Lantern', 64, NULL, 'null'),
(268, 'netherrack', 'Netherrack', 64, NULL, 'null'),
(269, 'soul_sand', 'Soul Sand', 64, NULL, 'null'),
(270, 'soul_soil', 'Soul Soil', 64, NULL, 'null'),
(271, 'basalt', 'Basalt', 64, NULL, 'null'),
(272, 'polished_basalt', 'Polished Basalt', 64, NULL, 'null'),
(273, 'smooth_basalt', 'Smooth Basalt', 64, NULL, 'null'),
(274, 'soul_torch', 'Soul Torch', 64, NULL, 'null'),
(275, 'glowstone', 'Glowstone', 64, NULL, 'null'),
(276, 'infested_stone', 'Infested Stone', 64, NULL, 'null'),
(277, 'infested_cobblestone', 'Infested Cobblestone', 64, NULL, 'null'),
(278, 'infested_stone_bricks', 'Infested Stone Bricks', 64, NULL, 'null'),
(279, 'infested_mossy_stone_bricks', 'Infested Mossy Stone Bricks', 64, NULL, 'null'),
(280, 'infested_cracked_stone_bricks', 'Infested Cracked Stone Bricks', 64, NULL, 'null'),
(281, 'infested_chiseled_stone_bricks', 'Infested Chiseled Stone Bricks', 64, NULL, 'null'),
(282, 'infested_deepslate', 'Infested Deepslate', 64, NULL, 'null'),
(283, 'stone_bricks', 'Stone Bricks', 64, NULL, 'null'),
(284, 'mossy_stone_bricks', 'Mossy Stone Bricks', 64, NULL, 'null'),
(285, 'cracked_stone_bricks', 'Cracked Stone Bricks', 64, NULL, 'null'),
(286, 'chiseled_stone_bricks', 'Chiseled Stone Bricks', 64, NULL, 'null'),
(287, 'deepslate_bricks', 'Deepslate Bricks', 64, NULL, 'null'),
(288, 'cracked_deepslate_bricks', 'Cracked Deepslate Bricks', 64, NULL, 'null'),
(289, 'deepslate_tiles', 'Deepslate Tiles', 64, NULL, 'null'),
(290, 'cracked_deepslate_tiles', 'Cracked Deepslate Tiles', 64, NULL, 'null'),
(291, 'chiseled_deepslate', 'Chiseled Deepslate', 64, NULL, 'null'),
(292, 'brown_mushroom_block', 'Brown Mushroom Block', 64, NULL, 'null'),
(293, 'red_mushroom_block', 'Red Mushroom Block', 64, NULL, 'null'),
(294, 'mushroom_stem', 'Mushroom Stem', 64, NULL, 'null'),
(295, 'iron_bars', 'Iron Bars', 64, NULL, 'null'),
(296, 'chain', 'Chain', 64, NULL, 'null'),
(297, 'glass_pane', 'Glass Pane', 64, NULL, 'null'),
(298, 'melon', 'Melon', 64, NULL, 'null'),
(299, 'vine', 'Vines', 64, NULL, 'null'),
(300, 'glow_lichen', 'Glow Lichen', 64, NULL, 'null'),
(301, 'brick_stairs', 'Brick Stairs', 64, NULL, 'null'),
(302, 'stone_brick_stairs', 'Stone Brick Stairs', 64, NULL, 'null'),
(303, 'mycelium', 'Mycelium', 64, NULL, 'null'),
(304, 'lily_pad', 'Lily Pad', 64, NULL, 'null'),
(305, 'nether_bricks', 'Nether Bricks', 64, NULL, 'null'),
(306, 'cracked_nether_bricks', 'Cracked Nether Bricks', 64, NULL, 'null'),
(307, 'chiseled_nether_bricks', 'Chiseled Nether Bricks', 64, NULL, 'null'),
(308, 'nether_brick_fence', 'Nether Brick Fence', 64, NULL, 'null'),
(309, 'nether_brick_stairs', 'Nether Brick Stairs', 64, NULL, 'null'),
(310, 'enchanting_table', 'Enchanting Table', 64, NULL, 'null'),
(311, 'end_portal_frame', 'End Portal Frame', 64, NULL, 'null'),
(312, 'end_stone', 'End Stone', 64, NULL, 'null'),
(313, 'end_stone_bricks', 'End Stone Bricks', 64, NULL, 'null'),
(314, 'dragon_egg', 'Dragon Egg', 64, NULL, 'null'),
(315, 'sandstone_stairs', 'Sandstone Stairs', 64, NULL, 'null'),
(316, 'ender_chest', 'Ender Chest', 64, NULL, 'null'),
(317, 'emerald_block', 'Block of Emerald', 64, NULL, 'null'),
(318, 'spruce_stairs', 'Spruce Stairs', 64, NULL, 'null'),
(319, 'birch_stairs', 'Birch Stairs', 64, NULL, 'null'),
(320, 'jungle_stairs', 'Jungle Stairs', 64, NULL, 'null'),
(321, 'crimson_stairs', 'Crimson Stairs', 64, NULL, 'null'),
(322, 'warped_stairs', 'Warped Stairs', 64, NULL, 'null'),
(323, 'command_block', 'Command Block', 64, NULL, 'null'),
(324, 'beacon', 'Beacon', 64, NULL, 'null'),
(325, 'cobblestone_wall', 'Cobblestone Wall', 64, NULL, 'null'),
(326, 'mossy_cobblestone_wall', 'Mossy Cobblestone Wall', 64, NULL, 'null'),
(327, 'brick_wall', 'Brick Wall', 64, NULL, 'null'),
(328, 'prismarine_wall', 'Prismarine Wall', 64, NULL, 'null'),
(329, 'red_sandstone_wall', 'Red Sandstone Wall', 64, NULL, 'null'),
(330, 'mossy_stone_brick_wall', 'Mossy Stone Brick Wall', 64, NULL, 'null'),
(331, 'granite_wall', 'Granite Wall', 64, NULL, 'null'),
(332, 'stone_brick_wall', 'Stone Brick Wall', 64, NULL, 'null'),
(333, 'nether_brick_wall', 'Nether Brick Wall', 64, NULL, 'null'),
(334, 'andesite_wall', 'Andesite Wall', 64, NULL, 'null'),
(335, 'red_nether_brick_wall', 'Red Nether Brick Wall', 64, NULL, 'null'),
(336, 'sandstone_wall', 'Sandstone Wall', 64, NULL, 'null'),
(337, 'end_stone_brick_wall', 'End Stone Brick Wall', 64, NULL, 'null'),
(338, 'diorite_wall', 'Diorite Wall', 64, NULL, 'null'),
(339, 'blackstone_wall', 'Blackstone Wall', 64, NULL, 'null'),
(340, 'polished_blackstone_wall', 'Polished Blackstone Wall', 64, NULL, 'null'),
(341, 'polished_blackstone_brick_wall', 'Polished Blackstone Brick Wall', 64, NULL, 'null'),
(342, 'cobbled_deepslate_wall', 'Cobbled Deepslate Wall', 64, NULL, 'null'),
(343, 'polished_deepslate_wall', 'Polished Deepslate Wall', 64, NULL, 'null'),
(344, 'deepslate_brick_wall', 'Deepslate Brick Wall', 64, NULL, 'null'),
(345, 'deepslate_tile_wall', 'Deepslate Tile Wall', 64, NULL, 'null'),
(346, 'anvil', 'Anvil', 64, NULL, 'null'),
(347, 'chipped_anvil', 'Chipped Anvil', 64, NULL, 'null'),
(348, 'damaged_anvil', 'Damaged Anvil', 64, NULL, 'null'),
(349, 'chiseled_quartz_block', 'Chiseled Quartz Block', 64, NULL, 'null'),
(350, 'quartz_block', 'Block of Quartz', 64, NULL, 'null'),
(351, 'quartz_bricks', 'Quartz Bricks', 64, NULL, 'null'),
(352, 'quartz_pillar', 'Quartz Pillar', 64, NULL, 'null'),
(353, 'quartz_stairs', 'Quartz Stairs', 64, NULL, 'null'),
(354, 'white_terracotta', 'White Terracotta', 64, NULL, 'null'),
(355, 'orange_terracotta', 'Orange Terracotta', 64, NULL, 'null'),
(356, 'magenta_terracotta', 'Magenta Terracotta', 64, NULL, 'null'),
(357, 'light_blue_terracotta', 'Light Blue Terracotta', 64, NULL, 'null'),
(358, 'yellow_terracotta', 'Yellow Terracotta', 64, NULL, 'null'),
(359, 'lime_terracotta', 'Lime Terracotta', 64, NULL, 'null'),
(360, 'pink_terracotta', 'Pink Terracotta', 64, NULL, 'null'),
(361, 'gray_terracotta', 'Gray Terracotta', 64, NULL, 'null'),
(362, 'light_gray_terracotta', 'Light Gray Terracotta', 64, NULL, 'null'),
(363, 'cyan_terracotta', 'Cyan Terracotta', 64, NULL, 'null'),
(364, 'purple_terracotta', 'Purple Terracotta', 64, NULL, 'null'),
(365, 'blue_terracotta', 'Blue Terracotta', 64, NULL, 'null'),
(366, 'brown_terracotta', 'Brown Terracotta', 64, NULL, 'null'),
(367, 'green_terracotta', 'Green Terracotta', 64, NULL, 'null'),
(368, 'red_terracotta', 'Red Terracotta', 64, NULL, 'null'),
(369, 'black_terracotta', 'Black Terracotta', 64, NULL, 'null'),
(370, 'barrier', 'Barrier', 64, NULL, 'null'),
(371, 'light', 'Light', 64, NULL, 'null'),
(372, 'hay_block', 'Hay Bale', 64, NULL, 'null'),
(373, 'white_carpet', 'White Carpet', 64, NULL, 'null'),
(374, 'orange_carpet', 'Orange Carpet', 64, NULL, 'null'),
(375, 'magenta_carpet', 'Magenta Carpet', 64, NULL, 'null'),
(376, 'light_blue_carpet', 'Light Blue Carpet', 64, NULL, 'null'),
(377, 'yellow_carpet', 'Yellow Carpet', 64, NULL, 'null'),
(378, 'lime_carpet', 'Lime Carpet', 64, NULL, 'null'),
(379, 'pink_carpet', 'Pink Carpet', 64, NULL, 'null'),
(380, 'gray_carpet', 'Gray Carpet', 64, NULL, 'null'),
(381, 'light_gray_carpet', 'Light Gray Carpet', 64, NULL, 'null'),
(382, 'cyan_carpet', 'Cyan Carpet', 64, NULL, 'null'),
(383, 'purple_carpet', 'Purple Carpet', 64, NULL, 'null'),
(384, 'blue_carpet', 'Blue Carpet', 64, NULL, 'null'),
(385, 'brown_carpet', 'Brown Carpet', 64, NULL, 'null'),
(386, 'green_carpet', 'Green Carpet', 64, NULL, 'null'),
(387, 'red_carpet', 'Red Carpet', 64, NULL, 'null'),
(388, 'black_carpet', 'Black Carpet', 64, NULL, 'null'),
(389, 'terracotta', 'Terracotta', 64, NULL, 'null'),
(390, 'packed_ice', 'Packed Ice', 64, NULL, 'null'),
(391, 'acacia_stairs', 'Acacia Stairs', 64, NULL, 'null'),
(392, 'dark_oak_stairs', 'Dark Oak Stairs', 64, NULL, 'null'),
(393, 'dirt_path', 'Dirt Path', 64, NULL, 'null'),
(394, 'sunflower', 'Sunflower', 64, NULL, 'null'),
(395, 'lilac', 'Lilac', 64, NULL, 'null'),
(396, 'rose_bush', 'Rose Bush', 64, NULL, 'null'),
(397, 'peony', 'Peony', 64, NULL, 'null'),
(398, 'tall_grass', 'Tall Grass', 64, NULL, 'null'),
(399, 'large_fern', 'Large Fern', 64, NULL, 'null'),
(400, 'white_stained_glass', 'White Stained Glass', 64, NULL, 'null'),
(401, 'orange_stained_glass', 'Orange Stained Glass', 64, NULL, 'null'),
(402, 'magenta_stained_glass', 'Magenta Stained Glass', 64, NULL, 'null'),
(403, 'light_blue_stained_glass', 'Light Blue Stained Glass', 64, NULL, 'null'),
(404, 'yellow_stained_glass', 'Yellow Stained Glass', 64, NULL, 'null'),
(405, 'lime_stained_glass', 'Lime Stained Glass', 64, NULL, 'null'),
(406, 'pink_stained_glass', 'Pink Stained Glass', 64, NULL, 'null'),
(407, 'gray_stained_glass', 'Gray Stained Glass', 64, NULL, 'null'),
(408, 'light_gray_stained_glass', 'Light Gray Stained Glass', 64, NULL, 'null'),
(409, 'cyan_stained_glass', 'Cyan Stained Glass', 64, NULL, 'null'),
(410, 'purple_stained_glass', 'Purple Stained Glass', 64, NULL, 'null'),
(411, 'blue_stained_glass', 'Blue Stained Glass', 64, NULL, 'null'),
(412, 'brown_stained_glass', 'Brown Stained Glass', 64, NULL, 'null'),
(413, 'green_stained_glass', 'Green Stained Glass', 64, NULL, 'null'),
(414, 'red_stained_glass', 'Red Stained Glass', 64, NULL, 'null'),
(415, 'black_stained_glass', 'Black Stained Glass', 64, NULL, 'null'),
(416, 'white_stained_glass_pane', 'White Stained Glass Pane', 64, NULL, 'null'),
(417, 'orange_stained_glass_pane', 'Orange Stained Glass Pane', 64, NULL, 'null'),
(418, 'magenta_stained_glass_pane', 'Magenta Stained Glass Pane', 64, NULL, 'null'),
(419, 'light_blue_stained_glass_pane', 'Light Blue Stained Glass Pane', 64, NULL, 'null'),
(420, 'yellow_stained_glass_pane', 'Yellow Stained Glass Pane', 64, NULL, 'null'),
(421, 'lime_stained_glass_pane', 'Lime Stained Glass Pane', 64, NULL, 'null'),
(422, 'pink_stained_glass_pane', 'Pink Stained Glass Pane', 64, NULL, 'null'),
(423, 'gray_stained_glass_pane', 'Gray Stained Glass Pane', 64, NULL, 'null'),
(424, 'light_gray_stained_glass_pane', 'Light Gray Stained Glass Pane', 64, NULL, 'null'),
(425, 'cyan_stained_glass_pane', 'Cyan Stained Glass Pane', 64, NULL, 'null'),
(426, 'purple_stained_glass_pane', 'Purple Stained Glass Pane', 64, NULL, 'null'),
(427, 'blue_stained_glass_pane', 'Blue Stained Glass Pane', 64, NULL, 'null'),
(428, 'brown_stained_glass_pane', 'Brown Stained Glass Pane', 64, NULL, 'null'),
(429, 'green_stained_glass_pane', 'Green Stained Glass Pane', 64, NULL, 'null'),
(430, 'red_stained_glass_pane', 'Red Stained Glass Pane', 64, NULL, 'null'),
(431, 'black_stained_glass_pane', 'Black Stained Glass Pane', 64, NULL, 'null'),
(432, 'prismarine', 'Prismarine', 64, NULL, 'null'),
(433, 'prismarine_bricks', 'Prismarine Bricks', 64, NULL, 'null'),
(434, 'dark_prismarine', 'Dark Prismarine', 64, NULL, 'null'),
(435, 'prismarine_stairs', 'Prismarine Stairs', 64, NULL, 'null'),
(436, 'prismarine_brick_stairs', 'Prismarine Brick Stairs', 64, NULL, 'null'),
(437, 'dark_prismarine_stairs', 'Dark Prismarine Stairs', 64, NULL, 'null'),
(438, 'sea_lantern', 'Sea Lantern', 64, NULL, 'null'),
(439, 'red_sandstone', 'Red Sandstone', 64, NULL, 'null'),
(440, 'chiseled_red_sandstone', 'Chiseled Red Sandstone', 64, NULL, 'null'),
(441, 'cut_red_sandstone', 'Cut Red Sandstone', 64, NULL, 'null'),
(442, 'red_sandstone_stairs', 'Red Sandstone Stairs', 64, NULL, 'null'),
(443, 'repeating_command_block', 'Repeating Command Block', 64, NULL, 'null'),
(444, 'chain_command_block', 'Chain Command Block', 64, NULL, 'null'),
(445, 'magma_block', 'Magma Block', 64, NULL, 'null'),
(446, 'nether_wart_block', 'Nether Wart Block', 64, NULL, 'null'),
(447, 'warped_wart_block', 'Warped Wart Block', 64, NULL, 'null'),
(448, 'red_nether_bricks', 'Red Nether Bricks', 64, NULL, 'null'),
(449, 'bone_block', 'Bone Block', 64, NULL, 'null'),
(450, 'structure_void', 'Structure Void', 64, NULL, 'null'),
(451, 'shulker_box', 'Shulker Box', 1, NULL, 'null'),
(452, 'white_shulker_box', 'White Shulker Box', 1, NULL, 'null'),
(453, 'orange_shulker_box', 'Orange Shulker Box', 1, NULL, 'null'),
(454, 'magenta_shulker_box', 'Magenta Shulker Box', 1, NULL, 'null'),
(455, 'light_blue_shulker_box', 'Light Blue Shulker Box', 1, NULL, 'null'),
(456, 'yellow_shulker_box', 'Yellow Shulker Box', 1, NULL, 'null'),
(457, 'lime_shulker_box', 'Lime Shulker Box', 1, NULL, 'null'),
(458, 'pink_shulker_box', 'Pink Shulker Box', 1, NULL, 'null'),
(459, 'gray_shulker_box', 'Gray Shulker Box', 1, NULL, 'null'),
(460, 'light_gray_shulker_box', 'Light Gray Shulker Box', 1, NULL, 'null'),
(461, 'cyan_shulker_box', 'Cyan Shulker Box', 1, NULL, 'null'),
(462, 'purple_shulker_box', 'Purple Shulker Box', 1, NULL, 'null'),
(463, 'blue_shulker_box', 'Blue Shulker Box', 1, NULL, 'null'),
(464, 'brown_shulker_box', 'Brown Shulker Box', 1, NULL, 'null'),
(465, 'green_shulker_box', 'Green Shulker Box', 1, NULL, 'null'),
(466, 'red_shulker_box', 'Red Shulker Box', 1, NULL, 'null'),
(467, 'black_shulker_box', 'Black Shulker Box', 1, NULL, 'null'),
(468, 'white_glazed_terracotta', 'White Glazed Terracotta', 64, NULL, 'null'),
(469, 'orange_glazed_terracotta', 'Orange Glazed Terracotta', 64, NULL, 'null'),
(470, 'magenta_glazed_terracotta', 'Magenta Glazed Terracotta', 64, NULL, 'null'),
(471, 'light_blue_glazed_terracotta', 'Light Blue Glazed Terracotta', 64, NULL, 'null'),
(472, 'yellow_glazed_terracotta', 'Yellow Glazed Terracotta', 64, NULL, 'null'),
(473, 'lime_glazed_terracotta', 'Lime Glazed Terracotta', 64, NULL, 'null'),
(474, 'pink_glazed_terracotta', 'Pink Glazed Terracotta', 64, NULL, 'null'),
(475, 'gray_glazed_terracotta', 'Gray Glazed Terracotta', 64, NULL, 'null'),
(476, 'light_gray_glazed_terracotta', 'Light Gray Glazed Terracotta', 64, NULL, 'null'),
(477, 'cyan_glazed_terracotta', 'Cyan Glazed Terracotta', 64, NULL, 'null'),
(478, 'purple_glazed_terracotta', 'Purple Glazed Terracotta', 64, NULL, 'null'),
(479, 'blue_glazed_terracotta', 'Blue Glazed Terracotta', 64, NULL, 'null'),
(480, 'brown_glazed_terracotta', 'Brown Glazed Terracotta', 64, NULL, 'null'),
(481, 'green_glazed_terracotta', 'Green Glazed Terracotta', 64, NULL, 'null'),
(482, 'red_glazed_terracotta', 'Red Glazed Terracotta', 64, NULL, 'null'),
(483, 'black_glazed_terracotta', 'Black Glazed Terracotta', 64, NULL, 'null'),
(484, 'white_concrete', 'White Concrete', 64, NULL, 'null'),
(485, 'orange_concrete', 'Orange Concrete', 64, NULL, 'null'),
(486, 'magenta_concrete', 'Magenta Concrete', 64, NULL, 'null'),
(487, 'light_blue_concrete', 'Light Blue Concrete', 64, NULL, 'null'),
(488, 'yellow_concrete', 'Yellow Concrete', 64, NULL, 'null'),
(489, 'lime_concrete', 'Lime Concrete', 64, NULL, 'null'),
(490, 'pink_concrete', 'Pink Concrete', 64, NULL, 'null'),
(491, 'gray_concrete', 'Gray Concrete', 64, NULL, 'null'),
(492, 'light_gray_concrete', 'Light Gray Concrete', 64, NULL, 'null'),
(493, 'cyan_concrete', 'Cyan Concrete', 64, NULL, 'null'),
(494, 'purple_concrete', 'Purple Concrete', 64, NULL, 'null'),
(495, 'blue_concrete', 'Blue Concrete', 64, NULL, 'null'),
(496, 'brown_concrete', 'Brown Concrete', 64, NULL, 'null'),
(497, 'green_concrete', 'Green Concrete', 64, NULL, 'null'),
(498, 'red_concrete', 'Red Concrete', 64, NULL, 'null'),
(499, 'black_concrete', 'Black Concrete', 64, NULL, 'null'),
(500, 'white_concrete_powder', 'White Concrete Powder', 64, NULL, 'null'),
(501, 'orange_concrete_powder', 'Orange Concrete Powder', 64, NULL, 'null'),
(502, 'magenta_concrete_powder', 'Magenta Concrete Powder', 64, NULL, 'null'),
(503, 'light_blue_concrete_powder', 'Light Blue Concrete Powder', 64, NULL, 'null'),
(504, 'yellow_concrete_powder', 'Yellow Concrete Powder', 64, NULL, 'null'),
(505, 'lime_concrete_powder', 'Lime Concrete Powder', 64, NULL, 'null'),
(506, 'pink_concrete_powder', 'Pink Concrete Powder', 64, NULL, 'null'),
(507, 'gray_concrete_powder', 'Gray Concrete Powder', 64, NULL, 'null'),
(508, 'light_gray_concrete_powder', 'Light Gray Concrete Powder', 64, NULL, 'null'),
(509, 'cyan_concrete_powder', 'Cyan Concrete Powder', 64, NULL, 'null'),
(510, 'purple_concrete_powder', 'Purple Concrete Powder', 64, NULL, 'null'),
(511, 'blue_concrete_powder', 'Blue Concrete Powder', 64, NULL, 'null'),
(512, 'brown_concrete_powder', 'Brown Concrete Powder', 64, NULL, 'null'),
(513, 'green_concrete_powder', 'Green Concrete Powder', 64, NULL, 'null'),
(514, 'red_concrete_powder', 'Red Concrete Powder', 64, NULL, 'null'),
(515, 'black_concrete_powder', 'Black Concrete Powder', 64, NULL, 'null'),
(516, 'turtle_egg', 'Turtle Egg', 64, NULL, 'null'),
(517, 'dead_tube_coral_block', 'Dead Tube Coral Block', 64, NULL, 'null'),
(518, 'dead_brain_coral_block', 'Dead Brain Coral Block', 64, NULL, 'null'),
(519, 'dead_bubble_coral_block', 'Dead Bubble Coral Block', 64, NULL, 'null'),
(520, 'dead_fire_coral_block', 'Dead Fire Coral Block', 64, NULL, 'null'),
(521, 'dead_horn_coral_block', 'Dead Horn Coral Block', 64, NULL, 'null'),
(522, 'tube_coral_block', 'Tube Coral Block', 64, NULL, 'null'),
(523, 'brain_coral_block', 'Brain Coral Block', 64, NULL, 'null'),
(524, 'bubble_coral_block', 'Bubble Coral Block', 64, NULL, 'null'),
(525, 'fire_coral_block', 'Fire Coral Block', 64, NULL, 'null'),
(526, 'horn_coral_block', 'Horn Coral Block', 64, NULL, 'null'),
(527, 'tube_coral', 'Tube Coral', 64, NULL, 'null'),
(528, 'brain_coral', 'Brain Coral', 64, NULL, 'null'),
(529, 'bubble_coral', 'Bubble Coral', 64, NULL, 'null'),
(530, 'fire_coral', 'Fire Coral', 64, NULL, 'null'),
(531, 'horn_coral', 'Horn Coral', 64, NULL, 'null'),
(532, 'dead_brain_coral', 'Dead Brain Coral', 64, NULL, 'null'),
(533, 'dead_bubble_coral', 'Dead Bubble Coral', 64, NULL, 'null'),
(534, 'dead_fire_coral', 'Dead Fire Coral', 64, NULL, 'null'),
(535, 'dead_horn_coral', 'Dead Horn Coral', 64, NULL, 'null'),
(536, 'dead_tube_coral', 'Dead Tube Coral', 64, NULL, 'null'),
(537, 'tube_coral_fan', 'Tube Coral Fan', 64, NULL, 'null'),
(538, 'brain_coral_fan', 'Brain Coral Fan', 64, NULL, 'null'),
(539, 'bubble_coral_fan', 'Bubble Coral Fan', 64, NULL, 'null'),
(540, 'fire_coral_fan', 'Fire Coral Fan', 64, NULL, 'null'),
(541, 'horn_coral_fan', 'Horn Coral Fan', 64, NULL, 'null'),
(542, 'dead_tube_coral_fan', 'Dead Tube Coral Fan', 64, NULL, 'null'),
(543, 'dead_brain_coral_fan', 'Dead Brain Coral Fan', 64, NULL, 'null'),
(544, 'dead_bubble_coral_fan', 'Dead Bubble Coral Fan', 64, NULL, 'null'),
(545, 'dead_fire_coral_fan', 'Dead Fire Coral Fan', 64, NULL, 'null'),
(546, 'dead_horn_coral_fan', 'Dead Horn Coral Fan', 64, NULL, 'null'),
(547, 'blue_ice', 'Blue Ice', 64, NULL, 'null'),
(548, 'conduit', 'Conduit', 64, NULL, 'null'),
(549, 'polished_granite_stairs', 'Polished Granite Stairs', 64, NULL, 'null'),
(550, 'smooth_red_sandstone_stairs', 'Smooth Red Sandstone Stairs', 64, NULL, 'null'),
(551, 'mossy_stone_brick_stairs', 'Mossy Stone Brick Stairs', 64, NULL, 'null'),
(552, 'polished_diorite_stairs', 'Polished Diorite Stairs', 64, NULL, 'null'),
(553, 'mossy_cobblestone_stairs', 'Mossy Cobblestone Stairs', 64, NULL, 'null'),
(554, 'end_stone_brick_stairs', 'End Stone Brick Stairs', 64, NULL, 'null'),
(555, 'stone_stairs', 'Stone Stairs', 64, NULL, 'null'),
(556, 'smooth_sandstone_stairs', 'Smooth Sandstone Stairs', 64, NULL, 'null'),
(557, 'smooth_quartz_stairs', 'Smooth Quartz Stairs', 64, NULL, 'null'),
(558, 'granite_stairs', 'Granite Stairs', 64, NULL, 'null'),
(559, 'andesite_stairs', 'Andesite Stairs', 64, NULL, 'null'),
(560, 'red_nether_brick_stairs', 'Red Nether Brick Stairs', 64, NULL, 'null'),
(561, 'polished_andesite_stairs', 'Polished Andesite Stairs', 64, NULL, 'null'),
(562, 'diorite_stairs', 'Diorite Stairs', 64, NULL, 'null'),
(563, 'cobbled_deepslate_stairs', 'Cobbled Deepslate Stairs', 64, NULL, 'null'),
(564, 'polished_deepslate_stairs', 'Polished Deepslate Stairs', 64, NULL, 'null'),
(565, 'deepslate_brick_stairs', 'Deepslate Brick Stairs', 64, NULL, 'null'),
(566, 'deepslate_tile_stairs', 'Deepslate Tile Stairs', 64, NULL, 'null'),
(567, 'polished_granite_slab', 'Polished Granite Slab', 64, NULL, 'null'),
(568, 'smooth_red_sandstone_slab', 'Smooth Red Sandstone Slab', 64, NULL, 'null'),
(569, 'mossy_stone_brick_slab', 'Mossy Stone Brick Slab', 64, NULL, 'null'),
(570, 'polished_diorite_slab', 'Polished Diorite Slab', 64, NULL, 'null'),
(571, 'mossy_cobblestone_slab', 'Mossy Cobblestone Slab', 64, NULL, 'null'),
(572, 'end_stone_brick_slab', 'End Stone Brick Slab', 64, NULL, 'null'),
(573, 'smooth_sandstone_slab', 'Smooth Sandstone Slab', 64, NULL, 'null'),
(574, 'smooth_quartz_slab', 'Smooth Quartz Slab', 64, NULL, 'null'),
(575, 'granite_slab', 'Granite Slab', 64, NULL, 'null'),
(576, 'andesite_slab', 'Andesite Slab', 64, NULL, 'null'),
(577, 'red_nether_brick_slab', 'Red Nether Brick Slab', 64, NULL, 'null'),
(578, 'polished_andesite_slab', 'Polished Andesite Slab', 64, NULL, 'null'),
(579, 'diorite_slab', 'Diorite Slab', 64, NULL, 'null'),
(580, 'cobbled_deepslate_slab', 'Cobbled Deepslate Slab', 64, NULL, 'null'),
(581, 'polished_deepslate_slab', 'Polished Deepslate Slab', 64, NULL, 'null'),
(582, 'deepslate_brick_slab', 'Deepslate Brick Slab', 64, NULL, 'null'),
(583, 'deepslate_tile_slab', 'Deepslate Tile Slab', 64, NULL, 'null'),
(584, 'scaffolding', 'Scaffolding', 64, NULL, 'null'),
(585, 'redstone', 'Redstone Dust', 64, NULL, 'null'),
(586, 'redstone_torch', 'Redstone Torch', 64, NULL, 'null'),
(587, 'redstone_block', 'Block of Redstone', 64, NULL, 'null'),
(588, 'repeater', 'Redstone Repeater', 64, NULL, 'null'),
(589, 'comparator', 'Redstone Comparator', 64, NULL, 'null'),
(590, 'piston', 'Piston', 64, NULL, 'null'),
(591, 'sticky_piston', 'Sticky Piston', 64, NULL, 'null'),
(592, 'slime_block', 'Slime Block', 64, NULL, 'null'),
(593, 'honey_block', 'Honey Block', 64, NULL, 'null'),
(594, 'observer', 'Observer', 64, NULL, 'null'),
(595, 'hopper', 'Hopper', 64, NULL, 'null'),
(596, 'dispenser', 'Dispenser', 64, NULL, 'null'),
(597, 'dropper', 'Dropper', 64, NULL, 'null'),
(598, 'lectern', 'Lectern', 64, NULL, 'null'),
(599, 'target', 'Target', 64, NULL, 'null'),
(600, 'lever', 'Lever', 64, NULL, 'null'),
(601, 'lightning_rod', 'Lightning Rod', 64, NULL, 'null'),
(602, 'daylight_detector', 'Daylight Detector', 64, NULL, 'null'),
(603, 'sculk_sensor', 'Sculk Sensor', 64, NULL, 'null'),
(604, 'tripwire_hook', 'Tripwire Hook', 64, NULL, 'null'),
(605, 'trapped_chest', 'Trapped Chest', 64, NULL, 'null'),
(606, 'tnt', 'TNT', 64, NULL, 'null'),
(607, 'redstone_lamp', 'Redstone Lamp', 64, NULL, 'null'),
(608, 'note_block', 'Note Block', 64, NULL, 'null'),
(609, 'stone_button', 'Stone Button', 64, NULL, 'null'),
(610, 'polished_blackstone_button', 'Polished Blackstone Button', 64, NULL, 'null'),
(611, 'oak_button', 'Oak Button', 64, NULL, 'null'),
(612, 'spruce_button', 'Spruce Button', 64, NULL, 'null'),
(613, 'birch_button', 'Birch Button', 64, NULL, 'null'),
(614, 'jungle_button', 'Jungle Button', 64, NULL, 'null'),
(615, 'acacia_button', 'Acacia Button', 64, NULL, 'null'),
(616, 'dark_oak_button', 'Dark Oak Button', 64, NULL, 'null'),
(617, 'crimson_button', 'Crimson Button', 64, NULL, 'null'),
(618, 'warped_button', 'Warped Button', 64, NULL, 'null'),
(619, 'stone_pressure_plate', 'Stone Pressure Plate', 64, NULL, 'null'),
(620, 'polished_blackstone_pressure_plate', 'Polished Blackstone Pressure Plate', 64, NULL, 'null'),
(621, 'light_weighted_pressure_plate', 'Light Weighted Pressure Plate', 64, NULL, 'null'),
(622, 'heavy_weighted_pressure_plate', 'Heavy Weighted Pressure Plate', 64, NULL, 'null'),
(623, 'oak_pressure_plate', 'Oak Pressure Plate', 64, NULL, 'null'),
(624, 'spruce_pressure_plate', 'Spruce Pressure Plate', 64, NULL, 'null'),
(625, 'birch_pressure_plate', 'Birch Pressure Plate', 64, NULL, 'null'),
(626, 'jungle_pressure_plate', 'Jungle Pressure Plate', 64, NULL, 'null'),
(627, 'acacia_pressure_plate', 'Acacia Pressure Plate', 64, NULL, 'null'),
(628, 'dark_oak_pressure_plate', 'Dark Oak Pressure Plate', 64, NULL, 'null'),
(629, 'crimson_pressure_plate', 'Crimson Pressure Plate', 64, NULL, 'null'),
(630, 'warped_pressure_plate', 'Warped Pressure Plate', 64, NULL, 'null'),
(631, 'iron_door', 'Iron Door', 64, NULL, 'null'),
(632, 'oak_door', 'Oak Door', 64, NULL, 'null'),
(633, 'spruce_door', 'Spruce Door', 64, NULL, 'null'),
(634, 'birch_door', 'Birch Door', 64, NULL, 'null'),
(635, 'jungle_door', 'Jungle Door', 64, NULL, 'null'),
(636, 'acacia_door', 'Acacia Door', 64, NULL, 'null'),
(637, 'dark_oak_door', 'Dark Oak Door', 64, NULL, 'null'),
(638, 'crimson_door', 'Crimson Door', 64, NULL, 'null'),
(639, 'warped_door', 'Warped Door', 64, NULL, 'null'),
(640, 'iron_trapdoor', 'Iron Trapdoor', 64, NULL, 'null'),
(641, 'oak_trapdoor', 'Oak Trapdoor', 64, NULL, 'null'),
(642, 'spruce_trapdoor', 'Spruce Trapdoor', 64, NULL, 'null'),
(643, 'birch_trapdoor', 'Birch Trapdoor', 64, NULL, 'null'),
(644, 'jungle_trapdoor', 'Jungle Trapdoor', 64, NULL, 'null'),
(645, 'acacia_trapdoor', 'Acacia Trapdoor', 64, NULL, 'null'),
(646, 'dark_oak_trapdoor', 'Dark Oak Trapdoor', 64, NULL, 'null'),
(647, 'crimson_trapdoor', 'Crimson Trapdoor', 64, NULL, 'null'),
(648, 'warped_trapdoor', 'Warped Trapdoor', 64, NULL, 'null'),
(649, 'oak_fence_gate', 'Oak Fence Gate', 64, NULL, 'null'),
(650, 'spruce_fence_gate', 'Spruce Fence Gate', 64, NULL, 'null'),
(651, 'birch_fence_gate', 'Birch Fence Gate', 64, NULL, 'null'),
(652, 'jungle_fence_gate', 'Jungle Fence Gate', 64, NULL, 'null'),
(653, 'acacia_fence_gate', 'Acacia Fence Gate', 64, NULL, 'null'),
(654, 'dark_oak_fence_gate', 'Dark Oak Fence Gate', 64, NULL, 'null'),
(655, 'crimson_fence_gate', 'Crimson Fence Gate', 64, NULL, 'null'),
(656, 'warped_fence_gate', 'Warped Fence Gate', 64, NULL, 'null'),
(657, 'powered_rail', 'Powered Rail', 64, NULL, 'null'),
(658, 'detector_rail', 'Detector Rail', 64, NULL, 'null'),
(659, 'rail', 'Rail', 64, NULL, 'null'),
(660, 'activator_rail', 'Activator Rail', 64, NULL, 'null'),
(661, 'saddle', 'Saddle', 1, NULL, 'null'),
(662, 'minecart', 'Minecart', 1, NULL, 'null'),
(663, 'chest_minecart', 'Minecart with Chest', 1, NULL, 'null'),
(664, 'furnace_minecart', 'Minecart with Furnace', 1, NULL, 'null'),
(665, 'tnt_minecart', 'Minecart with TNT', 1, NULL, 'null'),
(666, 'hopper_minecart', 'Minecart with Hopper', 1, NULL, 'null'),
(667, 'carrot_on_a_stick', 'Carrot on a Stick', 1, 25, '[\"breakable\", \"vanishable\"]'),
(668, 'warped_fungus_on_a_stick', 'Warped Fungus on a Stick', 64, 100, '[\"breakable\", \"vanishable\"]'),
(669, 'elytra', 'Elytra', 1, 432, '[\"breakable\", \"wearable\", \"vanishable\"]'),
(670, 'oak_boat', 'Oak Boat', 1, NULL, 'null'),
(671, 'spruce_boat', 'Spruce Boat', 1, NULL, 'null'),
(672, 'birch_boat', 'Birch Boat', 1, NULL, 'null'),
(673, 'jungle_boat', 'Jungle Boat', 1, NULL, 'null'),
(674, 'acacia_boat', 'Acacia Boat', 1, NULL, 'null'),
(675, 'dark_oak_boat', 'Dark Oak Boat', 1, NULL, 'null'),
(676, 'structure_block', 'Structure Block', 64, NULL, 'null'),
(677, 'jigsaw', 'Jigsaw Block', 64, NULL, 'null'),
(678, 'turtle_helmet', 'Turtle Shell', 1, 275, '[\"armor\", \"armor_head\", \"breakable\", \"wearable\", \"vanishable\"]'),
(679, 'scute', 'Scute', 64, NULL, 'null'),
(680, 'flint_and_steel', 'Flint and Steel', 1, 64, '[\"breakable\", \"vanishable\"]'),
(681, 'apple', 'Apple', 64, NULL, 'null'),
(682, 'bow', 'Bow', 1, 384, '[\"breakable\", \"bow\", \"vanishable\"]'),
(683, 'arrow', 'Arrow', 64, NULL, 'null'),
(684, 'coal', 'Coal', 64, NULL, 'null'),
(685, 'charcoal', 'Charcoal', 64, NULL, 'null'),
(686, 'diamond', 'Diamond', 64, NULL, 'null'),
(687, 'emerald', 'Emerald', 64, NULL, 'null'),
(688, 'lapis_lazuli', 'Lapis Lazuli', 64, NULL, 'null'),
(689, 'quartz', 'Nether Quartz', 64, NULL, 'null'),
(690, 'amethyst_shard', 'Amethyst Shard', 64, NULL, 'null'),
(691, 'raw_iron', 'Raw Iron', 64, NULL, 'null'),
(692, 'iron_ingot', 'Iron Ingot', 64, NULL, 'null'),
(693, 'raw_copper', 'Raw Copper', 64, NULL, 'null'),
(694, 'copper_ingot', 'Copper Ingot', 64, NULL, 'null'),
(695, 'raw_gold', 'Raw Gold', 64, NULL, 'null'),
(696, 'gold_ingot', 'Gold Ingot', 64, NULL, 'null'),
(697, 'netherite_ingot', 'Netherite Ingot', 64, NULL, 'null'),
(698, 'netherite_scrap', 'Netherite Scrap', 64, NULL, 'null'),
(699, 'wooden_sword', 'Wooden Sword', 1, 59, '[\"weapon\", \"breakable\", \"vanishable\"]'),
(700, 'wooden_shovel', 'Wooden Shovel', 1, 59, '[\"digger\", \"breakable\", \"vanishable\"]'),
(701, 'wooden_pickaxe', 'Wooden Pickaxe', 1, 59, '[\"digger\", \"breakable\", \"vanishable\"]'),
(702, 'wooden_axe', 'Wooden Axe', 1, 59, '[\"digger\", \"breakable\", \"vanishable\"]'),
(703, 'wooden_hoe', 'Wooden Hoe', 1, 59, '[\"digger\", \"breakable\", \"vanishable\"]'),
(704, 'stone_sword', 'Stone Sword', 1, 131, '[\"weapon\", \"breakable\", \"vanishable\"]'),
(705, 'stone_shovel', 'Stone Shovel', 1, 131, '[\"digger\", \"breakable\", \"vanishable\"]'),
(706, 'stone_pickaxe', 'Stone Pickaxe', 1, 131, '[\"digger\", \"breakable\", \"vanishable\"]'),
(707, 'stone_axe', 'Stone Axe', 1, 131, '[\"digger\", \"breakable\", \"vanishable\"]'),
(708, 'stone_hoe', 'Stone Hoe', 1, 131, '[\"digger\", \"breakable\", \"vanishable\"]'),
(709, 'golden_sword', 'Golden Sword', 1, 32, '[\"weapon\", \"breakable\", \"vanishable\"]'),
(710, 'golden_shovel', 'Golden Shovel', 1, 32, '[\"digger\", \"breakable\", \"vanishable\"]'),
(711, 'golden_pickaxe', 'Golden Pickaxe', 1, 32, '[\"digger\", \"breakable\", \"vanishable\"]'),
(712, 'golden_axe', 'Golden Axe', 1, 32, '[\"digger\", \"breakable\", \"vanishable\"]'),
(713, 'golden_hoe', 'Golden Hoe', 1, 32, '[\"digger\", \"breakable\", \"vanishable\"]'),
(714, 'iron_sword', 'Iron Sword', 1, 250, '[\"weapon\", \"breakable\", \"vanishable\"]'),
(715, 'iron_shovel', 'Iron Shovel', 1, 250, '[\"digger\", \"breakable\", \"vanishable\"]'),
(716, 'iron_pickaxe', 'Iron Pickaxe', 1, 250, '[\"digger\", \"breakable\", \"vanishable\"]'),
(717, 'iron_axe', 'Iron Axe', 1, 250, '[\"digger\", \"breakable\", \"vanishable\"]'),
(718, 'iron_hoe', 'Iron Hoe', 1, 250, '[\"digger\", \"breakable\", \"vanishable\"]'),
(719, 'diamond_sword', 'Diamond Sword', 1, 1561, '[\"weapon\", \"breakable\", \"vanishable\"]'),
(720, 'diamond_shovel', 'Diamond Shovel', 1, 1561, '[\"digger\", \"breakable\", \"vanishable\"]'),
(721, 'diamond_pickaxe', 'Diamond Pickaxe', 1, 1561, '[\"digger\", \"breakable\", \"vanishable\"]'),
(722, 'diamond_axe', 'Diamond Axe', 1, 1561, '[\"digger\", \"breakable\", \"vanishable\"]'),
(723, 'diamond_hoe', 'Diamond Hoe', 1, 1561, '[\"digger\", \"breakable\", \"vanishable\"]'),
(724, 'netherite_sword', 'Netherite Sword', 1, 2031, '[\"weapon\", \"breakable\", \"vanishable\"]'),
(725, 'netherite_shovel', 'Netherite Shovel', 1, 2031, '[\"digger\", \"breakable\", \"vanishable\"]'),
(726, 'netherite_pickaxe', 'Netherite Pickaxe', 1, 2031, '[\"digger\", \"breakable\", \"vanishable\"]'),
(727, 'netherite_axe', 'Netherite Axe', 1, 2031, '[\"digger\", \"breakable\", \"vanishable\"]'),
(728, 'netherite_hoe', 'Netherite Hoe', 1, 2031, '[\"digger\", \"breakable\", \"vanishable\"]'),
(729, 'stick', 'Stick', 64, NULL, 'null'),
(730, 'bowl', 'Bowl', 64, NULL, 'null'),
(731, 'mushroom_stew', 'Mushroom Stew', 1, NULL, 'null'),
(732, 'string', 'String', 64, NULL, 'null'),
(733, 'feather', 'Feather', 64, NULL, 'null'),
(734, 'gunpowder', 'Gunpowder', 64, NULL, 'null'),
(735, 'wheat_seeds', 'Wheat Seeds', 64, NULL, 'null'),
(736, 'wheat', 'Wheat', 64, NULL, 'null'),
(737, 'bread', 'Bread', 64, NULL, 'null'),
(738, 'leather_helmet', 'Leather Cap', 1, 55, '[\"armor\", \"armor_head\", \"breakable\", \"wearable\", \"vanishable\"]'),
(739, 'leather_chestplate', 'Leather Tunic', 1, 80, '[\"armor\", \"armor_chest\", \"breakable\", \"wearable\", \"vanishable\"]'),
(740, 'leather_leggings', 'Leather Pants', 1, 75, '[\"armor\", \"breakable\", \"wearable\", \"vanishable\"]'),
(741, 'leather_boots', 'Leather Boots', 1, 65, '[\"armor\", \"armor_feet\", \"breakable\", \"wearable\", \"vanishable\"]'),
(742, 'chainmail_helmet', 'Chainmail Helmet', 1, 165, '[\"armor\", \"armor_head\", \"breakable\", \"wearable\", \"vanishable\"]'),
(743, 'chainmail_chestplate', 'Chainmail Chestplate', 1, 240, '[\"armor\", \"armor_chest\", \"breakable\", \"wearable\", \"vanishable\"]'),
(744, 'chainmail_leggings', 'Chainmail Leggings', 1, 225, '[\"armor\", \"breakable\", \"wearable\", \"vanishable\"]'),
(745, 'chainmail_boots', 'Chainmail Boots', 1, 195, '[\"armor\", \"armor_feet\", \"breakable\", \"wearable\", \"vanishable\"]'),
(746, 'iron_helmet', 'Iron Helmet', 1, 165, '[\"armor\", \"armor_head\", \"breakable\", \"wearable\", \"vanishable\"]'),
(747, 'iron_chestplate', 'Iron Chestplate', 1, 240, '[\"armor\", \"armor_chest\", \"breakable\", \"wearable\", \"vanishable\"]'),
(748, 'iron_leggings', 'Iron Leggings', 1, 225, '[\"armor\", \"breakable\", \"wearable\", \"vanishable\"]'),
(749, 'iron_boots', 'Iron Boots', 1, 195, '[\"armor\", \"armor_feet\", \"breakable\", \"wearable\", \"vanishable\"]'),
(750, 'diamond_helmet', 'Diamond Helmet', 1, 363, '[\"armor\", \"armor_head\", \"breakable\", \"wearable\", \"vanishable\"]'),
(751, 'diamond_chestplate', 'Diamond Chestplate', 1, 528, '[\"armor\", \"armor_chest\", \"breakable\", \"wearable\", \"vanishable\"]'),
(752, 'diamond_leggings', 'Diamond Leggings', 1, 495, '[\"armor\", \"breakable\", \"wearable\", \"vanishable\"]'),
(753, 'diamond_boots', 'Diamond Boots', 1, 429, '[\"armor\", \"armor_feet\", \"breakable\", \"wearable\", \"vanishable\"]'),
(754, 'golden_helmet', 'Golden Helmet', 1, 77, '[\"armor\", \"armor_head\", \"breakable\", \"wearable\", \"vanishable\"]'),
(755, 'golden_chestplate', 'Golden Chestplate', 1, 112, '[\"armor\", \"armor_chest\", \"breakable\", \"wearable\", \"vanishable\"]'),
(756, 'golden_leggings', 'Golden Leggings', 1, 105, '[\"armor\", \"breakable\", \"wearable\", \"vanishable\"]'),
(757, 'golden_boots', 'Golden Boots', 1, 91, '[\"armor\", \"armor_feet\", \"breakable\", \"wearable\", \"vanishable\"]'),
(758, 'netherite_helmet', 'Netherite Helmet', 1, 407, '[\"armor\", \"armor_head\", \"breakable\", \"wearable\", \"vanishable\"]'),
(759, 'netherite_chestplate', 'Netherite Chestplate', 1, 592, '[\"armor\", \"armor_chest\", \"breakable\", \"wearable\", \"vanishable\"]'),
(760, 'netherite_leggings', 'Netherite Leggings', 1, 555, '[\"armor\", \"breakable\", \"wearable\", \"vanishable\"]'),
(761, 'netherite_boots', 'Netherite Boots', 1, 481, '[\"armor\", \"armor_feet\", \"breakable\", \"wearable\", \"vanishable\"]'),
(762, 'flint', 'Flint', 64, NULL, 'null'),
(763, 'porkchop', 'Raw Porkchop', 64, NULL, 'null'),
(764, 'cooked_porkchop', 'Cooked Porkchop', 64, NULL, 'null'),
(765, 'painting', 'Painting', 64, NULL, 'null'),
(766, 'golden_apple', 'Golden Apple', 64, NULL, 'null'),
(767, 'enchanted_golden_apple', 'Enchanted Golden Apple', 64, NULL, 'null'),
(768, 'oak_sign', 'Oak Sign', 16, NULL, 'null'),
(769, 'spruce_sign', 'Spruce Sign', 16, NULL, 'null'),
(770, 'birch_sign', 'Birch Sign', 16, NULL, 'null'),
(771, 'jungle_sign', 'Jungle Sign', 16, NULL, 'null'),
(772, 'acacia_sign', 'Acacia Sign', 16, NULL, 'null'),
(773, 'dark_oak_sign', 'Dark Oak Sign', 16, NULL, 'null'),
(774, 'crimson_sign', 'Crimson Sign', 16, NULL, 'null'),
(775, 'warped_sign', 'Warped Sign', 16, NULL, 'null'),
(776, 'bucket', 'Bucket', 16, NULL, 'null'),
(777, 'water_bucket', 'Water Bucket', 1, NULL, 'null'),
(778, 'lava_bucket', 'Lava Bucket', 1, NULL, 'null'),
(779, 'powder_snow_bucket', 'Powder Snow Bucket', 1, NULL, 'null'),
(780, 'snowball', 'Snowball', 16, NULL, 'null');
INSERT INTO `item` (`id`, `name`, `display_name`, `stack_size`, `max_durability`, `enchant_categories`) VALUES
(781, 'leather', 'Leather', 64, NULL, 'null'),
(782, 'milk_bucket', 'Milk Bucket', 1, NULL, 'null'),
(783, 'pufferfish_bucket', 'Bucket of Pufferfish', 1, NULL, 'null'),
(784, 'salmon_bucket', 'Bucket of Salmon', 1, NULL, 'null'),
(785, 'cod_bucket', 'Bucket of Cod', 1, NULL, 'null'),
(786, 'tropical_fish_bucket', 'Bucket of Tropical Fish', 1, NULL, 'null'),
(787, 'axolotl_bucket', 'Bucket of Axolotl', 1, NULL, 'null'),
(788, 'brick', 'Brick', 64, NULL, 'null'),
(789, 'clay_ball', 'Clay Ball', 64, NULL, 'null'),
(790, 'dried_kelp_block', 'Dried Kelp Block', 64, NULL, 'null'),
(791, 'paper', 'Paper', 64, NULL, 'null'),
(792, 'book', 'Book', 64, NULL, 'null'),
(793, 'slime_ball', 'Slimeball', 64, NULL, 'null'),
(794, 'egg', 'Egg', 16, NULL, 'null'),
(795, 'compass', 'Compass', 64, NULL, 'null'),
(796, 'bundle', 'Bundle', 1, NULL, 'null'),
(797, 'fishing_rod', 'Fishing Rod', 1, 64, '[\"breakable\", \"fishing_rod\", \"vanishable\"]'),
(798, 'clock', 'Clock', 64, NULL, 'null'),
(799, 'spyglass', 'Spyglass', 1, NULL, 'null'),
(800, 'glowstone_dust', 'Glowstone Dust', 64, NULL, 'null'),
(801, 'cod', 'Raw Cod', 64, NULL, 'null'),
(802, 'salmon', 'Raw Salmon', 64, NULL, 'null'),
(803, 'tropical_fish', 'Tropical Fish', 64, NULL, 'null'),
(804, 'pufferfish', 'Pufferfish', 64, NULL, 'null'),
(805, 'cooked_cod', 'Cooked Cod', 64, NULL, 'null'),
(806, 'cooked_salmon', 'Cooked Salmon', 64, NULL, 'null'),
(807, 'ink_sac', 'Ink Sac', 64, NULL, 'null'),
(808, 'glow_ink_sac', 'Glow Ink Sac', 64, NULL, 'null'),
(809, 'cocoa_beans', 'Cocoa Beans', 64, NULL, 'null'),
(810, 'white_dye', 'White Dye', 64, NULL, 'null'),
(811, 'orange_dye', 'Orange Dye', 64, NULL, 'null'),
(812, 'magenta_dye', 'Magenta Dye', 64, NULL, 'null'),
(813, 'light_blue_dye', 'Light Blue Dye', 64, NULL, 'null'),
(814, 'yellow_dye', 'Yellow Dye', 64, NULL, 'null'),
(815, 'lime_dye', 'Lime Dye', 64, NULL, 'null'),
(816, 'pink_dye', 'Pink Dye', 64, NULL, 'null'),
(817, 'gray_dye', 'Gray Dye', 64, NULL, 'null'),
(818, 'light_gray_dye', 'Light Gray Dye', 64, NULL, 'null'),
(819, 'cyan_dye', 'Cyan Dye', 64, NULL, 'null'),
(820, 'purple_dye', 'Purple Dye', 64, NULL, 'null'),
(821, 'blue_dye', 'Blue Dye', 64, NULL, 'null'),
(822, 'brown_dye', 'Brown Dye', 64, NULL, 'null'),
(823, 'green_dye', 'Green Dye', 64, NULL, 'null'),
(824, 'red_dye', 'Red Dye', 64, NULL, 'null'),
(825, 'black_dye', 'Black Dye', 64, NULL, 'null'),
(826, 'bone_meal', 'Bone Meal', 64, NULL, 'null'),
(827, 'bone', 'Bone', 64, NULL, 'null'),
(828, 'sugar', 'Sugar', 64, NULL, 'null'),
(829, 'cake', 'Cake', 1, NULL, 'null'),
(830, 'white_bed', 'White Bed', 1, NULL, 'null'),
(831, 'orange_bed', 'Orange Bed', 1, NULL, 'null'),
(832, 'magenta_bed', 'Magenta Bed', 1, NULL, 'null'),
(833, 'light_blue_bed', 'Light Blue Bed', 1, NULL, 'null'),
(834, 'yellow_bed', 'Yellow Bed', 1, NULL, 'null'),
(835, 'lime_bed', 'Lime Bed', 1, NULL, 'null'),
(836, 'pink_bed', 'Pink Bed', 1, NULL, 'null'),
(837, 'gray_bed', 'Gray Bed', 1, NULL, 'null'),
(838, 'light_gray_bed', 'Light Gray Bed', 1, NULL, 'null'),
(839, 'cyan_bed', 'Cyan Bed', 1, NULL, 'null'),
(840, 'purple_bed', 'Purple Bed', 1, NULL, 'null'),
(841, 'blue_bed', 'Blue Bed', 1, NULL, 'null'),
(842, 'brown_bed', 'Brown Bed', 1, NULL, 'null'),
(843, 'green_bed', 'Green Bed', 1, NULL, 'null'),
(844, 'red_bed', 'Red Bed', 1, NULL, 'null'),
(845, 'black_bed', 'Black Bed', 1, NULL, 'null'),
(846, 'cookie', 'Cookie', 64, NULL, 'null'),
(847, 'filled_map', 'Map', 64, NULL, 'null'),
(848, 'shears', 'Shears', 1, 238, '[\"breakable\", \"vanishable\"]'),
(849, 'melon_slice', 'Melon Slice', 64, NULL, 'null'),
(850, 'dried_kelp', 'Dried Kelp', 64, NULL, 'null'),
(851, 'pumpkin_seeds', 'Pumpkin Seeds', 64, NULL, 'null'),
(852, 'melon_seeds', 'Melon Seeds', 64, NULL, 'null'),
(853, 'beef', 'Raw Beef', 64, NULL, 'null'),
(854, 'cooked_beef', 'Steak', 64, NULL, 'null'),
(855, 'chicken', 'Raw Chicken', 64, NULL, 'null'),
(856, 'cooked_chicken', 'Cooked Chicken', 64, NULL, 'null'),
(857, 'rotten_flesh', 'Rotten Flesh', 64, NULL, 'null'),
(858, 'ender_pearl', 'Ender Pearl', 16, NULL, 'null'),
(859, 'blaze_rod', 'Blaze Rod', 64, NULL, 'null'),
(860, 'ghast_tear', 'Ghast Tear', 64, NULL, 'null'),
(861, 'gold_nugget', 'Gold Nugget', 64, NULL, 'null'),
(862, 'nether_wart', 'Nether Wart', 64, NULL, 'null'),
(863, 'potion', 'Potion', 1, NULL, 'null'),
(864, 'glass_bottle', 'Glass Bottle', 64, NULL, 'null'),
(865, 'spider_eye', 'Spider Eye', 64, NULL, 'null'),
(866, 'fermented_spider_eye', 'Fermented Spider Eye', 64, NULL, 'null'),
(867, 'blaze_powder', 'Blaze Powder', 64, NULL, 'null'),
(868, 'magma_cream', 'Magma Cream', 64, NULL, 'null'),
(869, 'brewing_stand', 'Brewing Stand', 64, NULL, 'null'),
(870, 'cauldron', 'Cauldron', 64, NULL, 'null'),
(871, 'ender_eye', 'Eye of Ender', 64, NULL, 'null'),
(872, 'glistering_melon_slice', 'Glistering Melon Slice', 64, NULL, 'null'),
(873, 'axolotl_spawn_egg', 'Axolotl Spawn Egg', 64, NULL, 'null'),
(874, 'bat_spawn_egg', 'Bat Spawn Egg', 64, NULL, 'null'),
(875, 'bee_spawn_egg', 'Bee Spawn Egg', 64, NULL, 'null'),
(876, 'blaze_spawn_egg', 'Blaze Spawn Egg', 64, NULL, 'null'),
(877, 'cat_spawn_egg', 'Cat Spawn Egg', 64, NULL, 'null'),
(878, 'cave_spider_spawn_egg', 'Cave Spider Spawn Egg', 64, NULL, 'null'),
(879, 'chicken_spawn_egg', 'Chicken Spawn Egg', 64, NULL, 'null'),
(880, 'cod_spawn_egg', 'Cod Spawn Egg', 64, NULL, 'null'),
(881, 'cow_spawn_egg', 'Cow Spawn Egg', 64, NULL, 'null'),
(882, 'creeper_spawn_egg', 'Creeper Spawn Egg', 64, NULL, 'null'),
(883, 'dolphin_spawn_egg', 'Dolphin Spawn Egg', 64, NULL, 'null'),
(884, 'donkey_spawn_egg', 'Donkey Spawn Egg', 64, NULL, 'null'),
(885, 'drowned_spawn_egg', 'Drowned Spawn Egg', 64, NULL, 'null'),
(886, 'elder_guardian_spawn_egg', 'Elder Guardian Spawn Egg', 64, NULL, 'null'),
(887, 'enderman_spawn_egg', 'Enderman Spawn Egg', 64, NULL, 'null'),
(888, 'endermite_spawn_egg', 'Endermite Spawn Egg', 64, NULL, 'null'),
(889, 'evoker_spawn_egg', 'Evoker Spawn Egg', 64, NULL, 'null'),
(890, 'fox_spawn_egg', 'Fox Spawn Egg', 64, NULL, 'null'),
(891, 'ghast_spawn_egg', 'Ghast Spawn Egg', 64, NULL, 'null'),
(892, 'glow_squid_spawn_egg', 'Glow Squid Spawn Egg', 64, NULL, 'null'),
(893, 'goat_spawn_egg', 'Goat Spawn Egg', 64, NULL, 'null'),
(894, 'guardian_spawn_egg', 'Guardian Spawn Egg', 64, NULL, 'null'),
(895, 'hoglin_spawn_egg', 'Hoglin Spawn Egg', 64, NULL, 'null'),
(896, 'horse_spawn_egg', 'Horse Spawn Egg', 64, NULL, 'null'),
(897, 'husk_spawn_egg', 'Husk Spawn Egg', 64, NULL, 'null'),
(898, 'llama_spawn_egg', 'Llama Spawn Egg', 64, NULL, 'null'),
(899, 'magma_cube_spawn_egg', 'Magma Cube Spawn Egg', 64, NULL, 'null'),
(900, 'mooshroom_spawn_egg', 'Mooshroom Spawn Egg', 64, NULL, 'null'),
(901, 'mule_spawn_egg', 'Mule Spawn Egg', 64, NULL, 'null'),
(902, 'ocelot_spawn_egg', 'Ocelot Spawn Egg', 64, NULL, 'null'),
(903, 'panda_spawn_egg', 'Panda Spawn Egg', 64, NULL, 'null'),
(904, 'parrot_spawn_egg', 'Parrot Spawn Egg', 64, NULL, 'null'),
(905, 'phantom_spawn_egg', 'Phantom Spawn Egg', 64, NULL, 'null'),
(906, 'pig_spawn_egg', 'Pig Spawn Egg', 64, NULL, 'null'),
(907, 'piglin_spawn_egg', 'Piglin Spawn Egg', 64, NULL, 'null'),
(908, 'piglin_brute_spawn_egg', 'Piglin Brute Spawn Egg', 64, NULL, 'null'),
(909, 'pillager_spawn_egg', 'Pillager Spawn Egg', 64, NULL, 'null'),
(910, 'polar_bear_spawn_egg', 'Polar Bear Spawn Egg', 64, NULL, 'null'),
(911, 'pufferfish_spawn_egg', 'Pufferfish Spawn Egg', 64, NULL, 'null'),
(912, 'rabbit_spawn_egg', 'Rabbit Spawn Egg', 64, NULL, 'null'),
(913, 'ravager_spawn_egg', 'Ravager Spawn Egg', 64, NULL, 'null'),
(914, 'salmon_spawn_egg', 'Salmon Spawn Egg', 64, NULL, 'null'),
(915, 'sheep_spawn_egg', 'Sheep Spawn Egg', 64, NULL, 'null'),
(916, 'shulker_spawn_egg', 'Shulker Spawn Egg', 64, NULL, 'null'),
(917, 'silverfish_spawn_egg', 'Silverfish Spawn Egg', 64, NULL, 'null'),
(918, 'skeleton_spawn_egg', 'Skeleton Spawn Egg', 64, NULL, 'null'),
(919, 'skeleton_horse_spawn_egg', 'Skeleton Horse Spawn Egg', 64, NULL, 'null'),
(920, 'slime_spawn_egg', 'Slime Spawn Egg', 64, NULL, 'null'),
(921, 'spider_spawn_egg', 'Spider Spawn Egg', 64, NULL, 'null'),
(922, 'squid_spawn_egg', 'Squid Spawn Egg', 64, NULL, 'null'),
(923, 'stray_spawn_egg', 'Stray Spawn Egg', 64, NULL, 'null'),
(924, 'strider_spawn_egg', 'Strider Spawn Egg', 64, NULL, 'null'),
(925, 'trader_llama_spawn_egg', 'Trader Llama Spawn Egg', 64, NULL, 'null'),
(926, 'tropical_fish_spawn_egg', 'Tropical Fish Spawn Egg', 64, NULL, 'null'),
(927, 'turtle_spawn_egg', 'Turtle Spawn Egg', 64, NULL, 'null'),
(928, 'vex_spawn_egg', 'Vex Spawn Egg', 64, NULL, 'null'),
(929, 'villager_spawn_egg', 'Villager Spawn Egg', 64, NULL, 'null'),
(930, 'vindicator_spawn_egg', 'Vindicator Spawn Egg', 64, NULL, 'null'),
(931, 'wandering_trader_spawn_egg', 'Wandering Trader Spawn Egg', 64, NULL, 'null'),
(932, 'witch_spawn_egg', 'Witch Spawn Egg', 64, NULL, 'null'),
(933, 'wither_skeleton_spawn_egg', 'Wither Skeleton Spawn Egg', 64, NULL, 'null'),
(934, 'wolf_spawn_egg', 'Wolf Spawn Egg', 64, NULL, 'null'),
(935, 'zoglin_spawn_egg', 'Zoglin Spawn Egg', 64, NULL, 'null'),
(936, 'zombie_spawn_egg', 'Zombie Spawn Egg', 64, NULL, 'null'),
(937, 'zombie_horse_spawn_egg', 'Zombie Horse Spawn Egg', 64, NULL, 'null'),
(938, 'zombie_villager_spawn_egg', 'Zombie Villager Spawn Egg', 64, NULL, 'null'),
(939, 'zombified_piglin_spawn_egg', 'Zombified Piglin Spawn Egg', 64, NULL, 'null'),
(940, 'experience_bottle', 'Bottle o\' Enchanting', 64, NULL, 'null'),
(941, 'fire_charge', 'Fire Charge', 64, NULL, 'null'),
(942, 'writable_book', 'Book and Quill', 1, NULL, 'null'),
(943, 'written_book', 'Written Book', 16, NULL, 'null'),
(944, 'item_frame', 'Item Frame', 64, NULL, 'null'),
(945, 'glow_item_frame', 'Glow Item Frame', 64, NULL, 'null'),
(946, 'flower_pot', 'Flower Pot', 64, NULL, 'null'),
(947, 'carrot', 'Carrot', 64, NULL, 'null'),
(948, 'potato', 'Potato', 64, NULL, 'null'),
(949, 'baked_potato', 'Baked Potato', 64, NULL, 'null'),
(950, 'poisonous_potato', 'Poisonous Potato', 64, NULL, 'null'),
(951, 'map', 'Empty Map', 64, NULL, 'null'),
(952, 'golden_carrot', 'Golden Carrot', 64, NULL, 'null'),
(953, 'skeleton_skull', 'Skeleton Skull', 64, NULL, 'null'),
(954, 'wither_skeleton_skull', 'Wither Skeleton Skull', 64, NULL, 'null'),
(955, 'player_head', 'Player Head', 64, NULL, '[\"wearable\", \"vanishable\"]'),
(956, 'zombie_head', 'Zombie Head', 64, NULL, '[\"wearable\", \"vanishable\"]'),
(957, 'creeper_head', 'Creeper Head', 64, NULL, '[\"wearable\", \"vanishable\"]'),
(958, 'dragon_head', 'Dragon Head', 64, NULL, '[\"wearable\", \"vanishable\"]'),
(959, 'nether_star', 'Nether Star', 64, NULL, 'null'),
(960, 'pumpkin_pie', 'Pumpkin Pie', 64, NULL, 'null'),
(961, 'firework_rocket', 'Firework Rocket', 64, NULL, 'null'),
(962, 'firework_star', 'Firework Star', 64, NULL, 'null'),
(963, 'enchanted_book', 'Enchanted Book', 1, NULL, 'null'),
(964, 'nether_brick', 'Nether Brick', 64, NULL, 'null'),
(965, 'prismarine_shard', 'Prismarine Shard', 64, NULL, 'null'),
(966, 'prismarine_crystals', 'Prismarine Crystals', 64, NULL, 'null'),
(967, 'rabbit', 'Raw Rabbit', 64, NULL, 'null'),
(968, 'cooked_rabbit', 'Cooked Rabbit', 64, NULL, 'null'),
(969, 'rabbit_stew', 'Rabbit Stew', 1, NULL, 'null'),
(970, 'rabbit_foot', 'Rabbit\'s Foot', 64, NULL, 'null'),
(971, 'rabbit_hide', 'Rabbit Hide', 64, NULL, 'null'),
(972, 'armor_stand', 'Armor Stand', 16, NULL, 'null'),
(973, 'iron_horse_armor', 'Iron Horse Armor', 1, NULL, 'null'),
(974, 'golden_horse_armor', 'Golden Horse Armor', 1, NULL, 'null'),
(975, 'diamond_horse_armor', 'Diamond Horse Armor', 1, NULL, 'null'),
(976, 'leather_horse_armor', 'Leather Horse Armor', 1, NULL, 'null'),
(977, 'lead', 'Lead', 64, NULL, 'null'),
(978, 'name_tag', 'Name Tag', 64, NULL, 'null'),
(979, 'command_block_minecart', 'Minecart with Command Block', 1, NULL, 'null'),
(980, 'mutton', 'Raw Mutton', 64, NULL, 'null'),
(981, 'cooked_mutton', 'Cooked Mutton', 64, NULL, 'null'),
(982, 'white_banner', 'White Banner', 16, NULL, 'null'),
(983, 'orange_banner', 'Orange Banner', 16, NULL, 'null'),
(984, 'magenta_banner', 'Magenta Banner', 16, NULL, 'null'),
(985, 'light_blue_banner', 'Light Blue Banner', 16, NULL, 'null'),
(986, 'yellow_banner', 'Yellow Banner', 16, NULL, 'null'),
(987, 'lime_banner', 'Lime Banner', 16, NULL, 'null'),
(988, 'pink_banner', 'Pink Banner', 16, NULL, 'null'),
(989, 'gray_banner', 'Gray Banner', 16, NULL, 'null'),
(990, 'light_gray_banner', 'Light Gray Banner', 16, NULL, 'null'),
(991, 'cyan_banner', 'Cyan Banner', 16, NULL, 'null'),
(992, 'purple_banner', 'Purple Banner', 16, NULL, 'null'),
(993, 'blue_banner', 'Blue Banner', 16, NULL, 'null'),
(994, 'brown_banner', 'Brown Banner', 16, NULL, 'null'),
(995, 'green_banner', 'Green Banner', 16, NULL, 'null'),
(996, 'red_banner', 'Red Banner', 16, NULL, 'null'),
(997, 'black_banner', 'Black Banner', 16, NULL, 'null'),
(998, 'end_crystal', 'End Crystal', 64, NULL, 'null'),
(999, 'chorus_fruit', 'Chorus Fruit', 64, NULL, 'null'),
(1000, 'popped_chorus_fruit', 'Popped Chorus Fruit', 64, NULL, 'null'),
(1001, 'beetroot', 'Beetroot', 64, NULL, 'null'),
(1002, 'beetroot_seeds', 'Beetroot Seeds', 64, NULL, 'null'),
(1003, 'beetroot_soup', 'Beetroot Soup', 1, NULL, 'null'),
(1004, 'dragon_breath', 'Dragon\'s Breath', 64, NULL, 'null'),
(1005, 'splash_potion', 'Splash Potion', 1, NULL, 'null'),
(1006, 'spectral_arrow', 'Spectral Arrow', 64, NULL, 'null'),
(1007, 'tipped_arrow', 'Tipped Arrow', 64, NULL, 'null'),
(1008, 'lingering_potion', 'Lingering Potion', 1, NULL, 'null'),
(1009, 'shield', 'Shield', 1, 336, '[\"breakable\", \"vanishable\"]'),
(1010, 'totem_of_undying', 'Totem of Undying', 1, NULL, 'null'),
(1011, 'shulker_shell', 'Shulker Shell', 64, NULL, 'null'),
(1012, 'iron_nugget', 'Iron Nugget', 64, NULL, 'null'),
(1013, 'knowledge_book', 'Knowledge Book', 1, NULL, 'null'),
(1014, 'debug_stick', 'Debug Stick', 1, NULL, 'null'),
(1015, 'music_disc_13', '13 Disc', 1, NULL, 'null'),
(1016, 'music_disc_cat', 'Cat Disc', 1, NULL, 'null'),
(1017, 'music_disc_blocks', 'Blocks Disc', 1, NULL, 'null'),
(1018, 'music_disc_chirp', 'Chirp Disc', 1, NULL, 'null'),
(1019, 'music_disc_far', 'Far Disc', 1, NULL, 'null'),
(1020, 'music_disc_mall', 'Mall Disc', 1, NULL, 'null'),
(1021, 'music_disc_mellohi', 'Mellohi Disc', 1, NULL, 'null'),
(1022, 'music_disc_stal', 'Stal Disc', 1, NULL, 'null'),
(1023, 'music_disc_strad', 'Strad Disc', 1, NULL, 'null'),
(1024, 'music_disc_ward', 'Ward Disc', 1, NULL, 'null'),
(1025, 'music_disc_11', '11 Disc', 1, NULL, 'null'),
(1026, 'music_disc_wait', 'Wait Disc', 1, NULL, 'null'),
(1027, 'music_disc_otherside', 'Music Disc', 1, NULL, 'null'),
(1028, 'music_disc_pigstep', 'Music Disc', 1, NULL, 'null'),
(1029, 'trident', 'Trident', 1, 250, '[\"breakable\", \"vanishable\", \"trident\"]'),
(1030, 'phantom_membrane', 'Phantom Membrane', 64, NULL, 'null'),
(1031, 'nautilus_shell', 'Nautilus Shell', 64, NULL, 'null'),
(1032, 'heart_of_the_sea', 'Heart of the Sea', 64, NULL, 'null'),
(1033, 'crossbow', 'Crossbow', 1, 326, '[\"breakable\", \"vanishable\", \"crossbow\"]'),
(1034, 'suspicious_stew', 'Suspicious Stew', 1, NULL, 'null'),
(1035, 'loom', 'Loom', 64, NULL, 'null'),
(1036, 'flower_banner_pattern', 'Banner Pattern', 1, NULL, 'null'),
(1037, 'creeper_banner_pattern', 'Banner Pattern', 1, NULL, 'null'),
(1038, 'skull_banner_pattern', 'Banner Pattern', 1, NULL, 'null'),
(1039, 'mojang_banner_pattern', 'Banner Pattern', 1, NULL, 'null'),
(1040, 'globe_banner_pattern', 'Banner Pattern', 1, NULL, 'null'),
(1041, 'piglin_banner_pattern', 'Banner Pattern', 1, NULL, 'null'),
(1042, 'composter', 'Composter', 64, NULL, 'null'),
(1043, 'barrel', 'Barrel', 64, NULL, 'null'),
(1044, 'smoker', 'Smoker', 64, NULL, 'null'),
(1045, 'blast_furnace', 'Blast Furnace', 64, NULL, 'null'),
(1046, 'cartography_table', 'Cartography Table', 64, NULL, 'null'),
(1047, 'fletching_table', 'Fletching Table', 64, NULL, 'null'),
(1048, 'grindstone', 'Grindstone', 64, NULL, 'null'),
(1049, 'smithing_table', 'Smithing Table', 64, NULL, 'null'),
(1050, 'stonecutter', 'Stonecutter', 64, NULL, 'null'),
(1051, 'bell', 'Bell', 64, NULL, 'null'),
(1052, 'lantern', 'Lantern', 64, NULL, 'null'),
(1053, 'soul_lantern', 'Soul Lantern', 64, NULL, 'null'),
(1054, 'sweet_berries', 'Sweet Berries', 64, NULL, 'null'),
(1055, 'glow_berries', 'Glow Berries', 64, NULL, 'null'),
(1056, 'campfire', 'Campfire', 64, NULL, 'null'),
(1057, 'soul_campfire', 'Soul Campfire', 64, NULL, 'null'),
(1058, 'shroomlight', 'Shroomlight', 64, NULL, 'null'),
(1059, 'honeycomb', 'Honeycomb', 64, NULL, 'null'),
(1060, 'bee_nest', 'Bee Nest', 64, NULL, 'null'),
(1061, 'beehive', 'Beehive', 64, NULL, 'null'),
(1062, 'honey_bottle', 'Honey Bottle', 16, NULL, 'null'),
(1063, 'honeycomb_block', 'Honeycomb Block', 64, NULL, 'null'),
(1064, 'lodestone', 'Lodestone', 64, NULL, 'null'),
(1065, 'crying_obsidian', 'Crying Obsidian', 64, NULL, 'null'),
(1066, 'blackstone', 'Blackstone', 64, NULL, 'null'),
(1067, 'blackstone_slab', 'Blackstone Slab', 64, NULL, 'null'),
(1068, 'blackstone_stairs', 'Blackstone Stairs', 64, NULL, 'null'),
(1069, 'gilded_blackstone', 'Gilded Blackstone', 64, NULL, 'null'),
(1070, 'polished_blackstone', 'Polished Blackstone', 64, NULL, 'null'),
(1071, 'polished_blackstone_slab', 'Polished Blackstone Slab', 64, NULL, 'null'),
(1072, 'polished_blackstone_stairs', 'Polished Blackstone Stairs', 64, NULL, 'null'),
(1073, 'chiseled_polished_blackstone', 'Chiseled Polished Blackstone', 64, NULL, 'null'),
(1074, 'polished_blackstone_bricks', 'Polished Blackstone Bricks', 64, NULL, 'null'),
(1075, 'polished_blackstone_brick_slab', 'Polished Blackstone Brick Slab', 64, NULL, 'null'),
(1076, 'polished_blackstone_brick_stairs', 'Polished Blackstone Brick Stairs', 64, NULL, 'null'),
(1077, 'cracked_polished_blackstone_bricks', 'Cracked Polished Blackstone Bricks', 64, NULL, 'null'),
(1078, 'respawn_anchor', 'Respawn Anchor', 64, NULL, 'null'),
(1079, 'candle', 'Candle', 64, NULL, 'null'),
(1080, 'white_candle', 'White Candle', 64, NULL, 'null'),
(1081, 'orange_candle', 'Orange Candle', 64, NULL, 'null'),
(1082, 'magenta_candle', 'Magenta Candle', 64, NULL, 'null'),
(1083, 'light_blue_candle', 'Light Blue Candle', 64, NULL, 'null'),
(1084, 'yellow_candle', 'Yellow Candle', 64, NULL, 'null'),
(1085, 'lime_candle', 'Lime Candle', 64, NULL, 'null'),
(1086, 'pink_candle', 'Pink Candle', 64, NULL, 'null'),
(1087, 'gray_candle', 'Gray Candle', 64, NULL, 'null'),
(1088, 'light_gray_candle', 'Light Gray Candle', 64, NULL, 'null'),
(1089, 'cyan_candle', 'Cyan Candle', 64, NULL, 'null'),
(1090, 'purple_candle', 'Purple Candle', 64, NULL, 'null'),
(1091, 'blue_candle', 'Blue Candle', 64, NULL, 'null'),
(1092, 'brown_candle', 'Brown Candle', 64, NULL, 'null'),
(1093, 'green_candle', 'Green Candle', 64, NULL, 'null'),
(1094, 'red_candle', 'Red Candle', 64, NULL, 'null'),
(1095, 'black_candle', 'Black Candle', 64, NULL, 'null'),
(1096, 'small_amethyst_bud', 'Small Amethyst Bud', 64, NULL, 'null'),
(1097, 'medium_amethyst_bud', 'Medium Amethyst Bud', 64, NULL, 'null'),
(1098, 'large_amethyst_bud', 'Large Amethyst Bud', 64, NULL, 'null'),
(1099, 'amethyst_cluster', 'Amethyst Cluster', 64, NULL, 'null'),
(1100, 'pointed_dripstone', 'Pointed Dripstone', 64, NULL, 'null'),
(1101, 'minecraft:diorite', 'Diorite', 64, NULL, NULL),
(1102, 'minecraft:dripstone_block', 'Dripstone Block', 64, NULL, NULL),
(1103, 'minecraft:grass_block', 'Grass Block', 64, NULL, NULL),
(1104, 'minecraft:spruce_planks', 'Spruce Planks', 64, NULL, NULL),
(1105, 'minecraft:polished_granite', 'Polished Granite', 64, NULL, NULL);

-- --------------------------------------------------------

--
-- Table structure for table `item_enchantment`
--

CREATE TABLE `item_enchantment` (
  `id` int(11) NOT NULL,
  `item_id` int(11) NOT NULL,
  `enchantment_id` int(11) NOT NULL,
  `max_allowed_level` int(11) DEFAULT NULL
) ENGINE=InnoDB DEFAULT CHARSET=utf8mb4 COLLATE=utf8mb4_unicode_ci;

--
-- Dumping data for table `item_enchantment`
--

INSERT INTO `item_enchantment` (`id`, `item_id`, `enchantment_id`, `max_allowed_level`) VALUES
(1, 266, 11, 1),
(2, 266, 38, 1),
(3, 667, 22, 3),
(4, 667, 37, 1),
(5, 667, 38, 1),
(6, 668, 22, 3),
(7, 668, 37, 1),
(8, 668, 38, 1),
(9, 669, 22, 3),
(10, 669, 37, 1),
(11, 669, 11, 1),
(12, 669, 38, 1),
(13, 678, 1, 4),
(14, 678, 2, 4),
(15, 678, 4, 4),
(16, 678, 5, 4),
(17, 678, 6, 3),
(18, 678, 7, 1),
(19, 678, 22, 3),
(20, 678, 37, 1),
(21, 678, 11, 1),
(22, 678, 38, 1),
(23, 680, 22, 3),
(24, 680, 37, 1),
(25, 680, 38, 1),
(26, 682, 22, 3),
(27, 682, 37, 1),
(28, 682, 24, 5),
(29, 682, 25, 2),
(30, 682, 26, 1),
(31, 682, 27, 1),
(32, 682, 38, 1),
(33, 699, 13, 5),
(34, 699, 14, 5),
(35, 699, 15, 5),
(36, 699, 16, 2),
(37, 699, 17, 2),
(38, 699, 18, 3),
(39, 699, 19, 3),
(40, 699, 22, 3),
(41, 699, 37, 1),
(42, 699, 38, 1),
(43, 700, 20, 5),
(44, 700, 21, 1),
(45, 700, 23, 3),
(46, 700, 22, 3),
(47, 700, 37, 1),
(48, 700, 38, 1),
(49, 701, 20, 5),
(50, 701, 21, 1),
(51, 701, 23, 3),
(52, 701, 22, 3),
(53, 701, 37, 1),
(54, 701, 38, 1),
(55, 702, 20, 5),
(56, 702, 21, 1),
(57, 702, 23, 3),
(58, 702, 22, 3),
(59, 702, 37, 1),
(60, 702, 38, 1),
(61, 703, 20, 5),
(62, 703, 21, 1),
(63, 703, 23, 3),
(64, 703, 22, 3),
(65, 703, 37, 1),
(66, 703, 38, 1),
(67, 704, 13, 5),
(68, 704, 14, 5),
(69, 704, 15, 5),
(70, 704, 16, 2),
(71, 704, 17, 2),
(72, 704, 18, 3),
(73, 704, 19, 3),
(74, 704, 22, 3),
(75, 704, 37, 1),
(76, 704, 38, 1),
(77, 705, 20, 5),
(78, 705, 21, 1),
(79, 705, 23, 3),
(80, 705, 22, 3),
(81, 705, 37, 1),
(82, 705, 38, 1),
(83, 706, 20, 5),
(84, 706, 21, 1),
(85, 706, 23, 3),
(86, 706, 22, 3),
(87, 706, 37, 1),
(88, 706, 38, 1),
(89, 707, 20, 5),
(90, 707, 21, 1),
(91, 707, 23, 3),
(92, 707, 22, 3),
(93, 707, 37, 1),
(94, 707, 38, 1),
(95, 708, 20, 5),
(96, 708, 21, 1),
(97, 708, 23, 3),
(98, 708, 22, 3),
(99, 708, 37, 1),
(100, 708, 38, 1),
(101, 709, 13, 5),
(102, 709, 14, 5),
(103, 709, 15, 5),
(104, 709, 16, 2),
(105, 709, 17, 2),
(106, 709, 18, 3),
(107, 709, 19, 3),
(108, 709, 22, 3),
(109, 709, 37, 1),
(110, 709, 38, 1),
(111, 710, 20, 5),
(112, 710, 21, 1),
(113, 710, 23, 3),
(114, 710, 22, 3),
(115, 710, 37, 1),
(116, 710, 38, 1),
(117, 711, 20, 5),
(118, 711, 21, 1),
(119, 711, 23, 3),
(120, 711, 22, 3),
(121, 711, 37, 1),
(122, 711, 38, 1),
(123, 712, 20, 5),
(124, 712, 21, 1),
(125, 712, 23, 3),
(126, 712, 22, 3),
(127, 712, 37, 1),
(128, 712, 38, 1),
(129, 713, 20, 5),
(130, 713, 21, 1),
(131, 713, 23, 3),
(132, 713, 22, 3),
(133, 713, 37, 1),
(134, 713, 38, 1),
(135, 714, 13, 5),
(136, 714, 14, 5),
(137, 714, 15, 5),
(138, 714, 16, 2),
(139, 714, 17, 2),
(140, 714, 18, 3),
(141, 714, 19, 3),
(142, 714, 22, 3),
(143, 714, 37, 1),
(144, 714, 38, 1),
(145, 715, 20, 5),
(146, 715, 21, 1),
(147, 715, 23, 3),
(148, 715, 22, 3),
(149, 715, 37, 1),
(150, 715, 38, 1),
(151, 716, 20, 5),
(152, 716, 21, 1),
(153, 716, 23, 3),
(154, 716, 22, 3),
(155, 716, 37, 1),
(156, 716, 38, 1),
(157, 717, 20, 5),
(158, 717, 21, 1),
(159, 717, 23, 3),
(160, 717, 22, 3),
(161, 717, 37, 1),
(162, 717, 38, 1),
(163, 718, 20, 5),
(164, 718, 21, 1),
(165, 718, 23, 3),
(166, 718, 22, 3),
(167, 718, 37, 1),
(168, 718, 38, 1),
(169, 719, 13, 5),
(170, 719, 14, 5),
(171, 719, 15, 5),
(172, 719, 16, 2),
(173, 719, 17, 2),
(174, 719, 18, 3),
(175, 719, 19, 3),
(176, 719, 22, 3),
(177, 719, 37, 1),
(178, 719, 38, 1),
(179, 720, 20, 5),
(180, 720, 21, 1),
(181, 720, 23, 3),
(182, 720, 22, 3),
(183, 720, 37, 1),
(184, 720, 38, 1),
(185, 721, 20, 5),
(186, 721, 21, 1),
(187, 721, 23, 3),
(188, 721, 22, 3),
(189, 721, 37, 1),
(190, 721, 38, 1),
(191, 722, 20, 5),
(192, 722, 21, 1),
(193, 722, 23, 3),
(194, 722, 22, 3),
(195, 722, 37, 1),
(196, 722, 38, 1),
(197, 723, 20, 5),
(198, 723, 21, 1),
(199, 723, 23, 3),
(200, 723, 22, 3),
(201, 723, 37, 1),
(202, 723, 38, 1),
(203, 724, 13, 5),
(204, 724, 14, 5),
(205, 724, 15, 5),
(206, 724, 16, 2),
(207, 724, 17, 2),
(208, 724, 18, 3),
(209, 724, 19, 3),
(210, 724, 22, 3),
(211, 724, 37, 1),
(212, 724, 38, 1),
(213, 725, 20, 5),
(214, 725, 21, 1),
(215, 725, 23, 3),
(216, 725, 22, 3),
(217, 725, 37, 1),
(218, 725, 38, 1),
(219, 726, 20, 5),
(220, 726, 21, 1),
(221, 726, 23, 3),
(222, 726, 22, 3),
(223, 726, 37, 1),
(224, 726, 38, 1),
(225, 727, 20, 5),
(226, 727, 21, 1),
(227, 727, 23, 3),
(228, 727, 22, 3),
(229, 727, 37, 1),
(230, 727, 38, 1),
(231, 728, 20, 5),
(232, 728, 21, 1),
(233, 728, 23, 3),
(234, 728, 22, 3),
(235, 728, 37, 1),
(236, 728, 38, 1),
(237, 738, 1, 4),
(238, 738, 2, 4),
(239, 738, 4, 4),
(240, 738, 5, 4),
(241, 738, 6, 3),
(242, 738, 7, 1),
(243, 738, 22, 3),
(244, 738, 37, 1),
(245, 738, 11, 1),
(246, 738, 38, 1),
(247, 739, 1, 4),
(248, 739, 2, 4),
(249, 739, 4, 4),
(250, 739, 5, 4),
(251, 739, 8, 3),
(252, 739, 22, 3),
(253, 739, 37, 1),
(254, 739, 11, 1),
(255, 739, 38, 1),
(256, 740, 1, 4),
(257, 740, 2, 4),
(258, 740, 4, 4),
(259, 740, 5, 4),
(260, 740, 22, 3),
(261, 740, 37, 1),
(262, 740, 11, 1),
(263, 740, 38, 1),
(264, 741, 1, 4),
(265, 741, 2, 4),
(266, 741, 4, 4),
(267, 741, 5, 4),
(268, 741, 3, 4),
(269, 741, 9, 3),
(270, 741, 10, 2),
(271, 741, 12, 3),
(272, 741, 22, 3),
(273, 741, 37, 1),
(274, 741, 11, 1),
(275, 741, 38, 1),
(276, 742, 1, 4),
(277, 742, 2, 4),
(278, 742, 4, 4),
(279, 742, 5, 4),
(280, 742, 6, 3),
(281, 742, 7, 1),
(282, 742, 22, 3),
(283, 742, 37, 1),
(284, 742, 11, 1),
(285, 742, 38, 1),
(286, 743, 1, 4),
(287, 743, 2, 4),
(288, 743, 4, 4),
(289, 743, 5, 4),
(290, 743, 8, 3),
(291, 743, 22, 3),
(292, 743, 37, 1),
(293, 743, 11, 1),
(294, 743, 38, 1),
(295, 744, 1, 4),
(296, 744, 2, 4),
(297, 744, 4, 4),
(298, 744, 5, 4),
(299, 744, 22, 3),
(300, 744, 37, 1),
(301, 744, 11, 1),
(302, 744, 38, 1),
(303, 745, 1, 4),
(304, 745, 2, 4),
(305, 745, 4, 4),
(306, 745, 5, 4),
(307, 745, 3, 4),
(308, 745, 9, 3),
(309, 745, 10, 2),
(310, 745, 12, 3),
(311, 745, 22, 3),
(312, 745, 37, 1),
(313, 745, 11, 1),
(314, 745, 38, 1),
(315, 746, 1, 4),
(316, 746, 2, 4),
(317, 746, 4, 4),
(318, 746, 5, 4),
(319, 746, 6, 3),
(320, 746, 7, 1),
(321, 746, 22, 3),
(322, 746, 37, 1),
(323, 746, 11, 1),
(324, 746, 38, 1),
(325, 747, 1, 4),
(326, 747, 2, 4),
(327, 747, 4, 4),
(328, 747, 5, 4),
(329, 747, 8, 3),
(330, 747, 22, 3),
(331, 747, 37, 1),
(332, 747, 11, 1),
(333, 747, 38, 1),
(334, 748, 1, 4),
(335, 748, 2, 4),
(336, 748, 4, 4),
(337, 748, 5, 4),
(338, 748, 22, 3),
(339, 748, 37, 1),
(340, 748, 11, 1),
(341, 748, 38, 1),
(342, 749, 1, 4),
(343, 749, 2, 4),
(344, 749, 4, 4),
(345, 749, 5, 4),
(346, 749, 3, 4),
(347, 749, 9, 3),
(348, 749, 10, 2),
(349, 749, 12, 3),
(350, 749, 22, 3),
(351, 749, 37, 1),
(352, 749, 11, 1),
(353, 749, 38, 1),
(354, 750, 1, 4),
(355, 750, 2, 4),
(356, 750, 4, 4),
(357, 750, 5, 4),
(358, 750, 6, 3),
(359, 750, 7, 1),
(360, 750, 22, 3),
(361, 750, 37, 1),
(362, 750, 11, 1),
(363, 750, 38, 1),
(364, 751, 1, 4),
(365, 751, 2, 4),
(366, 751, 4, 4),
(367, 751, 5, 4),
(368, 751, 8, 3),
(369, 751, 22, 3),
(370, 751, 37, 1),
(371, 751, 11, 1),
(372, 751, 38, 1),
(373, 752, 1, 4),
(374, 752, 2, 4),
(375, 752, 4, 4),
(376, 752, 5, 4),
(377, 752, 22, 3),
(378, 752, 37, 1),
(379, 752, 11, 1),
(380, 752, 38, 1),
(381, 753, 1, 4),
(382, 753, 2, 4),
(383, 753, 4, 4),
(384, 753, 5, 4),
(385, 753, 3, 4),
(386, 753, 9, 3),
(387, 753, 10, 2),
(388, 753, 12, 3),
(389, 753, 22, 3),
(390, 753, 37, 1),
(391, 753, 11, 1),
(392, 753, 38, 1),
(393, 754, 1, 4),
(394, 754, 2, 4),
(395, 754, 4, 4),
(396, 754, 5, 4),
(397, 754, 6, 3),
(398, 754, 7, 1),
(399, 754, 22, 3),
(400, 754, 37, 1),
(401, 754, 11, 1),
(402, 754, 38, 1),
(403, 755, 1, 4),
(404, 755, 2, 4),
(405, 755, 4, 4),
(406, 755, 5, 4),
(407, 755, 8, 3),
(408, 755, 22, 3),
(409, 755, 37, 1),
(410, 755, 11, 1),
(411, 755, 38, 1),
(412, 756, 1, 4),
(413, 756, 2, 4),
(414, 756, 4, 4),
(415, 756, 5, 4),
(416, 756, 22, 3),
(417, 756, 37, 1),
(418, 756, 11, 1),
(419, 756, 38, 1),
(420, 757, 1, 4),
(421, 757, 2, 4),
(422, 757, 4, 4),
(423, 757, 5, 4),
(424, 757, 3, 4),
(425, 757, 9, 3),
(426, 757, 10, 2),
(427, 757, 12, 3),
(428, 757, 22, 3),
(429, 757, 37, 1),
(430, 757, 11, 1),
(431, 757, 38, 1),
(432, 758, 1, 4),
(433, 758, 2, 4),
(434, 758, 4, 4),
(435, 758, 5, 4),
(436, 758, 6, 3),
(437, 758, 7, 1),
(438, 758, 22, 3),
(439, 758, 37, 1),
(440, 758, 11, 1),
(441, 758, 38, 1),
(442, 759, 1, 4),
(443, 759, 2, 4),
(444, 759, 4, 4),
(445, 759, 5, 4),
(446, 759, 8, 3),
(447, 759, 22, 3),
(448, 759, 37, 1),
(449, 759, 11, 1),
(450, 759, 38, 1),
(451, 760, 1, 4),
(452, 760, 2, 4),
(453, 760, 4, 4),
(454, 760, 5, 4),
(455, 760, 22, 3),
(456, 760, 37, 1),
(457, 760, 11, 1),
(458, 760, 38, 1),
(459, 761, 1, 4),
(460, 761, 2, 4),
(461, 761, 4, 4),
(462, 761, 5, 4),
(463, 761, 3, 4),
(464, 761, 9, 3),
(465, 761, 10, 2),
(466, 761, 12, 3),
(467, 761, 22, 3),
(468, 761, 37, 1),
(469, 761, 11, 1),
(470, 761, 38, 1),
(471, 797, 22, 3),
(472, 797, 37, 1),
(473, 797, 28, 3),
(474, 797, 29, 3),
(475, 797, 38, 1),
(476, 848, 22, 3),
(477, 848, 37, 1),
(478, 848, 38, 1),
(479, 955, 11, 1),
(480, 955, 38, 1),
(481, 956, 11, 1),
(482, 956, 38, 1),
(483, 957, 11, 1),
(484, 957, 38, 1),
(485, 958, 11, 1),
(486, 958, 38, 1),
(487, 1009, 22, 3),
(488, 1009, 37, 1),
(489, 1009, 38, 1),
(490, 1029, 22, 3),
(491, 1029, 37, 1),
(492, 1029, 38, 1),
(493, 1029, 30, 3),
(494, 1029, 31, 5),
(495, 1029, 32, 3),
(496, 1029, 33, 1),
(497, 1033, 22, 3),
(498, 1033, 37, 1),
(499, 1033, 38, 1),
(500, 1033, 34, 1),
(501, 1033, 35, 3),
(502, 1033, 36, 4);

-- --------------------------------------------------------

--
-- Table structure for table `item_food`
--

CREATE TABLE `item_food` (
  `id` int(11) NOT NULL,
  `item_id` int(11) NOT NULL,
  `food_id` int(11) NOT NULL
) ENGINE=InnoDB DEFAULT CHARSET=utf8mb4 COLLATE=utf8mb4_unicode_ci;

--
-- Dumping data for table `item_food`
--

INSERT INTO `item_food` (`id`, `item_id`, `food_id`) VALUES
(1, 681, 1),
(2, 731, 2),
(3, 737, 3),
(4, 763, 4),
(5, 764, 5),
(6, 766, 6),
(7, 767, 7),
(8, 801, 8),
(9, 802, 9),
(10, 803, 10),
(11, 804, 11),
(12, 805, 12),
(13, 806, 13),
(14, 846, 14),
(15, 849, 15),
(16, 850, 16),
(17, 853, 17),
(18, 854, 18),
(19, 855, 19),
(20, 856, 20),
(21, 857, 21),
(22, 865, 22),
(23, 947, 23),
(24, 948, 24),
(25, 949, 25),
(26, 950, 26),
(27, 952, 27),
(28, 960, 28),
(29, 967, 29),
(30, 968, 30),
(31, 969, 31),
(32, 980, 32),
(33, 981, 33),
(34, 999, 34),
(35, 1001, 35),
(36, 1003, 36),
(37, 1034, 37),
(38, 1054, 38),
(39, 1055, 39),
(40, 1062, 40);

-- --------------------------------------------------------

--
-- Table structure for table `player`
--

CREATE TABLE `player` (
  `id` int(11) NOT NULL,
  `uuid` varchar(36) COLLATE utf8mb4_unicode_ci NOT NULL,
  `name` varchar(64) COLLATE utf8mb4_unicode_ci NOT NULL,
  `created_at` datetime DEFAULT CURRENT_TIMESTAMP,
  `active_base_id` int(11) DEFAULT NULL
) ENGINE=InnoDB DEFAULT CHARSET=utf8mb4 COLLATE=utf8mb4_unicode_ci;

--
-- Dumping data for table `player`
--

INSERT INTO `player` (`id`, `uuid`, `name`, `created_at`, `active_base_id`) VALUES
(2, '380df991-f603-344c-a090-369bad2a924a', 'Dev', '2026-05-19 17:29:41', 6);

-- --------------------------------------------------------

--
-- Table structure for table `player_activity_log`
--

CREATE TABLE `player_activity_log` (
  `id` int(11) NOT NULL,
  `player_id` int(11) DEFAULT NULL,
  `action` varchar(255) COLLATE utf8mb4_unicode_ci NOT NULL,
  `timestamp` datetime DEFAULT CURRENT_TIMESTAMP
) ENGINE=InnoDB DEFAULT CHARSET=utf8mb4 COLLATE=utf8mb4_unicode_ci;

--
-- Dumping data for table `player_activity_log`
--

INSERT INTO `player_activity_log` (`id`, `player_id`, `action`, `timestamp`) VALUES
(1, NULL, 'Creó la base \'Mi Base\' desde la varita', NULL);

-- --------------------------------------------------------

--
-- Table structure for table `storage`
--

CREATE TABLE `storage` (
  `id` int(11) NOT NULL,
  `base_id` int(11) NOT NULL,
  `biome_id` int(11) DEFAULT NULL,
  `x` int(11) NOT NULL,
  `y` int(11) NOT NULL,
  `z` int(11) NOT NULL,
  `container_type_id` int(11) NOT NULL,
  `created_at` datetime DEFAULT CURRENT_TIMESTAMP,
  `updated_at` datetime DEFAULT CURRENT_TIMESTAMP ON UPDATE CURRENT_TIMESTAMP
) ENGINE=InnoDB DEFAULT CHARSET=utf8mb4 COLLATE=utf8mb4_unicode_ci;

--
-- Dumping data for table `storage`
--

INSERT INTO `storage` (`id`, `base_id`, `biome_id`, `x`, `y`, `z`, `container_type_id`, `created_at`, `updated_at`) VALUES
(14, 6, 62, 3, 108, -19, 1, '2026-05-19 17:29:59', '2026-05-19 17:29:59'),
(15, 6, 63, 2, 108, -17, 4, '2026-05-19 17:30:00', '2026-05-19 17:30:00'),
(16, 6, 63, -1, 108, -19, 1, '2026-05-19 17:30:00', '2026-05-19 17:30:00');

-- --------------------------------------------------------

--
-- Table structure for table `storage_item`
--

CREATE TABLE `storage_item` (
  `id` int(11) NOT NULL,
  `storage_id` int(11) NOT NULL,
  `item_id` int(11) NOT NULL,
  `quantity` int(11) NOT NULL DEFAULT '0',
  `last_update` datetime DEFAULT CURRENT_TIMESTAMP
) ENGINE=InnoDB DEFAULT CHARSET=utf8mb4 COLLATE=utf8mb4_unicode_ci;

--
-- Dumping data for table `storage_item`
--

INSERT INTO `storage_item` (`id`, `storage_id`, `item_id`, `quantity`, `last_update`) VALUES
(46, 14, 1101, 64, '2026-05-19 17:29:59'),
(47, 14, 1102, 64, '2026-05-19 17:29:59'),
(48, 14, 1103, 129, '2026-05-19 17:29:59'),
(49, 16, 1101, 64, '2026-05-19 17:30:00'),
(50, 16, 1104, 64, '2026-05-19 17:30:00'),
(51, 16, 1105, 128, '2026-05-19 17:30:00'),
(52, 16, 1102, 64, '2026-05-19 17:30:00');

--
-- Indexes for dumped tables
--

--
-- Indexes for table `base`
--
ALTER TABLE `base`
  ADD PRIMARY KEY (`id`),
  ADD UNIQUE KEY `ux_base_name` (`name`);

--
-- Indexes for table `base_member`
--
ALTER TABLE `base_member`
  ADD PRIMARY KEY (`id`),
  ADD UNIQUE KEY `ux_base_member` (`base_id`,`player_id`),
  ADD KEY `ix_base_member_base_id` (`base_id`),
  ADD KEY `ix_base_member_player_id` (`player_id`),
  ADD KEY `fk_base_member_inviter` (`invited_by`);

--
-- Indexes for table `base_tag`
--
ALTER TABLE `base_tag`
  ADD PRIMARY KEY (`id`),
  ADD KEY `ix_base_tag_base_id` (`base_id`);

--
-- Indexes for table `biome`
--
ALTER TABLE `biome`
  ADD PRIMARY KEY (`id`),
  ADD UNIQUE KEY `ux_biome_name` (`name`);

--
-- Indexes for table `block`
--
ALTER TABLE `block`
  ADD PRIMARY KEY (`id`),
  ADD UNIQUE KEY `ux_block_name` (`name`),
  ADD KEY `ix_block_item_id` (`item_id`);

--
-- Indexes for table `container_type`
--
ALTER TABLE `container_type`
  ADD PRIMARY KEY (`id`),
  ADD UNIQUE KEY `name` (`name`);

--
-- Indexes for table `enchantment`
--
ALTER TABLE `enchantment`
  ADD PRIMARY KEY (`id`),
  ADD UNIQUE KEY `name` (`name`),
  ADD KEY `ix_enchantment_category` (`category`);

--
-- Indexes for table `food`
--
ALTER TABLE `food`
  ADD PRIMARY KEY (`id`),
  ADD UNIQUE KEY `name` (`name`);

--
-- Indexes for table `inventory_history`
--
ALTER TABLE `inventory_history`
  ADD PRIMARY KEY (`id`),
  ADD KEY `ix_inventory_history_storage_id` (`storage_id`),
  ADD KEY `ix_inventory_history_item_id` (`item_id`),
  ADD KEY `ix_inventory_history_timestamp` (`timestamp`),
  ADD KEY `fk_inventory_history_actor` (`actor_id`);

--
-- Indexes for table `item`
--
ALTER TABLE `item`
  ADD PRIMARY KEY (`id`),
  ADD UNIQUE KEY `ux_item_name` (`name`);
ALTER TABLE `item` ADD FULLTEXT KEY `ft_item_display_name` (`display_name`);

--
-- Indexes for table `item_enchantment`
--
ALTER TABLE `item_enchantment`
  ADD PRIMARY KEY (`id`),
  ADD UNIQUE KEY `ux_item_enchant` (`item_id`,`enchantment_id`),
  ADD UNIQUE KEY `UK9y47bi8sns9a4193a6s9jmrrm` (`item_id`,`enchantment_id`),
  ADD KEY `fk_item_enchant_enchant` (`enchantment_id`);

--
-- Indexes for table `item_food`
--
ALTER TABLE `item_food`
  ADD PRIMARY KEY (`id`),
  ADD UNIQUE KEY `ux_item_food` (`item_id`,`food_id`),
  ADD UNIQUE KEY `UKbs9ckj2lwhv0qmyxvkkfwqram` (`item_id`,`food_id`),
  ADD KEY `fk_item_food_food` (`food_id`);

--
-- Indexes for table `player`
--
ALTER TABLE `player`
  ADD PRIMARY KEY (`id`),
  ADD UNIQUE KEY `ux_player_uuid` (`uuid`),
  ADD KEY `ix_player_name` (`name`),
  ADD KEY `fk_player_active_base` (`active_base_id`);

--
-- Indexes for table `player_activity_log`
--
ALTER TABLE `player_activity_log`
  ADD PRIMARY KEY (`id`),
  ADD KEY `ix_player_activity_log_player_id` (`player_id`),
  ADD KEY `ix_player_activity_log_timestamp` (`timestamp`);
ALTER TABLE `player_activity_log` ADD FULLTEXT KEY `ft_player_activity_log_action` (`action`);

--
-- Indexes for table `storage`
--
ALTER TABLE `storage`
  ADD PRIMARY KEY (`id`),
  ADD UNIQUE KEY `ux_storage_coords` (`base_id`,`x`,`y`,`z`),
  ADD KEY `ix_storage_base_id` (`base_id`),
  ADD KEY `ix_storage_biome_id` (`biome_id`),
  ADD KEY `ix_storage_container_type_id` (`container_type_id`);

--
-- Indexes for table `storage_item`
--
ALTER TABLE `storage_item`
  ADD PRIMARY KEY (`id`),
  ADD UNIQUE KEY `ux_storage_item_storage_item` (`storage_id`,`item_id`),
  ADD UNIQUE KEY `UK81diycg1soa2jnfpexi211c8s` (`storage_id`,`item_id`),
  ADD KEY `ix_storage_item_storage_id` (`storage_id`),
  ADD KEY `ix_storage_item_item_id` (`item_id`);

--
-- AUTO_INCREMENT for dumped tables
--

--
-- AUTO_INCREMENT for table `base`
--
ALTER TABLE `base`
  MODIFY `id` int(11) NOT NULL AUTO_INCREMENT, AUTO_INCREMENT=7;

--
-- AUTO_INCREMENT for table `base_member`
--
ALTER TABLE `base_member`
  MODIFY `id` int(11) NOT NULL AUTO_INCREMENT, AUTO_INCREMENT=7;

--
-- AUTO_INCREMENT for table `base_tag`
--
ALTER TABLE `base_tag`
  MODIFY `id` int(11) NOT NULL AUTO_INCREMENT, AUTO_INCREMENT=7;

--
-- AUTO_INCREMENT for table `biome`
--
ALTER TABLE `biome`
  MODIFY `id` int(11) NOT NULL AUTO_INCREMENT, AUTO_INCREMENT=64;

--
-- AUTO_INCREMENT for table `block`
--
ALTER TABLE `block`
  MODIFY `id` int(11) NOT NULL AUTO_INCREMENT, AUTO_INCREMENT=899;

--
-- AUTO_INCREMENT for table `container_type`
--
ALTER TABLE `container_type`
  MODIFY `id` int(11) NOT NULL AUTO_INCREMENT, AUTO_INCREMENT=5;

--
-- AUTO_INCREMENT for table `enchantment`
--
ALTER TABLE `enchantment`
  MODIFY `id` int(11) NOT NULL AUTO_INCREMENT, AUTO_INCREMENT=39;

--
-- AUTO_INCREMENT for table `food`
--
ALTER TABLE `food`
  MODIFY `id` int(11) NOT NULL AUTO_INCREMENT, AUTO_INCREMENT=41;

--
-- AUTO_INCREMENT for table `inventory_history`
--
ALTER TABLE `inventory_history`
  MODIFY `id` int(11) NOT NULL AUTO_INCREMENT;

--
-- AUTO_INCREMENT for table `item`
--
ALTER TABLE `item`
  MODIFY `id` int(11) NOT NULL AUTO_INCREMENT, AUTO_INCREMENT=1106;

--
-- AUTO_INCREMENT for table `item_enchantment`
--
ALTER TABLE `item_enchantment`
  MODIFY `id` int(11) NOT NULL AUTO_INCREMENT, AUTO_INCREMENT=503;

--
-- AUTO_INCREMENT for table `item_food`
--
ALTER TABLE `item_food`
  MODIFY `id` int(11) NOT NULL AUTO_INCREMENT, AUTO_INCREMENT=41;

--
-- AUTO_INCREMENT for table `player`
--
ALTER TABLE `player`
  MODIFY `id` int(11) NOT NULL AUTO_INCREMENT, AUTO_INCREMENT=3;

--
-- AUTO_INCREMENT for table `player_activity_log`
--
ALTER TABLE `player_activity_log`
  MODIFY `id` int(11) NOT NULL AUTO_INCREMENT, AUTO_INCREMENT=2;

--
-- AUTO_INCREMENT for table `storage`
--
ALTER TABLE `storage`
  MODIFY `id` int(11) NOT NULL AUTO_INCREMENT, AUTO_INCREMENT=17;

--
-- AUTO_INCREMENT for table `storage_item`
--
ALTER TABLE `storage_item`
  MODIFY `id` int(11) NOT NULL AUTO_INCREMENT, AUTO_INCREMENT=53;

--
-- Constraints for dumped tables
--

--
-- Constraints for table `base_member`
--
ALTER TABLE `base_member`
  ADD CONSTRAINT `fk_base_member_base` FOREIGN KEY (`base_id`) REFERENCES `base` (`id`) ON DELETE CASCADE ON UPDATE CASCADE,
  ADD CONSTRAINT `fk_base_member_inviter` FOREIGN KEY (`invited_by`) REFERENCES `player` (`id`) ON DELETE SET NULL ON UPDATE CASCADE,
  ADD CONSTRAINT `fk_base_member_player` FOREIGN KEY (`player_id`) REFERENCES `player` (`id`) ON DELETE SET NULL ON UPDATE CASCADE;

--
-- Constraints for table `base_tag`
--
ALTER TABLE `base_tag`
  ADD CONSTRAINT `fk_base_tag_base` FOREIGN KEY (`base_id`) REFERENCES `base` (`id`) ON DELETE CASCADE ON UPDATE CASCADE;

--
-- Constraints for table `block`
--
ALTER TABLE `block`
  ADD CONSTRAINT `fk_block_item` FOREIGN KEY (`item_id`) REFERENCES `item` (`id`) ON DELETE SET NULL ON UPDATE CASCADE;

--
-- Constraints for table `inventory_history`
--
ALTER TABLE `inventory_history`
  ADD CONSTRAINT `fk_inventory_history_actor` FOREIGN KEY (`actor_id`) REFERENCES `player` (`id`) ON DELETE SET NULL ON UPDATE CASCADE,
  ADD CONSTRAINT `fk_inventory_history_item` FOREIGN KEY (`item_id`) REFERENCES `item` (`id`) ON UPDATE CASCADE,
  ADD CONSTRAINT `fk_inventory_history_storage` FOREIGN KEY (`storage_id`) REFERENCES `storage` (`id`) ON DELETE CASCADE ON UPDATE CASCADE;

--
-- Constraints for table `item_enchantment`
--
ALTER TABLE `item_enchantment`
  ADD CONSTRAINT `fk_item_enchant_enchant` FOREIGN KEY (`enchantment_id`) REFERENCES `enchantment` (`id`) ON DELETE CASCADE,
  ADD CONSTRAINT `fk_item_enchant_item` FOREIGN KEY (`item_id`) REFERENCES `item` (`id`) ON DELETE CASCADE;

--
-- Constraints for table `item_food`
--
ALTER TABLE `item_food`
  ADD CONSTRAINT `fk_item_food_food` FOREIGN KEY (`food_id`) REFERENCES `food` (`id`) ON DELETE CASCADE,
  ADD CONSTRAINT `fk_item_food_item` FOREIGN KEY (`item_id`) REFERENCES `item` (`id`) ON DELETE CASCADE;

--
-- Constraints for table `player`
--
ALTER TABLE `player`
  ADD CONSTRAINT `fk_player_active_base` FOREIGN KEY (`active_base_id`) REFERENCES `base` (`id`) ON DELETE SET NULL;

--
-- Constraints for table `player_activity_log`
--
ALTER TABLE `player_activity_log`
  ADD CONSTRAINT `fk_player_activity_log_player` FOREIGN KEY (`player_id`) REFERENCES `player` (`id`) ON DELETE SET NULL ON UPDATE CASCADE;

--
-- Constraints for table `storage`
--
ALTER TABLE `storage`
  ADD CONSTRAINT `fk_storage_base` FOREIGN KEY (`base_id`) REFERENCES `base` (`id`) ON DELETE CASCADE ON UPDATE CASCADE,
  ADD CONSTRAINT `fk_storage_biome` FOREIGN KEY (`biome_id`) REFERENCES `biome` (`id`) ON DELETE SET NULL ON UPDATE CASCADE,
  ADD CONSTRAINT `fk_storage_container_type` FOREIGN KEY (`container_type_id`) REFERENCES `container_type` (`id`) ON UPDATE CASCADE;

--
-- Constraints for table `storage_item`
--
ALTER TABLE `storage_item`
  ADD CONSTRAINT `fk_storage_item_item` FOREIGN KEY (`item_id`) REFERENCES `item` (`id`) ON UPDATE CASCADE,
  ADD CONSTRAINT `fk_storage_item_storage` FOREIGN KEY (`storage_id`) REFERENCES `storage` (`id`) ON DELETE CASCADE ON UPDATE CASCADE;
COMMIT;

/*!40101 SET CHARACTER_SET_CLIENT=@OLD_CHARACTER_SET_CLIENT */;
/*!40101 SET CHARACTER_SET_RESULTS=@OLD_CHARACTER_SET_RESULTS */;
/*!40101 SET COLLATION_CONNECTION=@OLD_COLLATION_CONNECTION */;
